Visit Number,Visit Order,City,State/Province,Country,Latitude,Longitude,Year Visited,Visit Date,Location Type,Census Name,Capitol,Capitol Num,Number of Visits,Tour Stop,Theatre,Theatre Address,Theatre Lat,Theatre Lon,Company Housing,Digs,Hotel Holding,Hotel Brand,Digs Address,Digs Lat,Digs Lon,Housing Dist,Num Hotels,Joel Could Live,Michael Could Live,Highlight,Original  Stop Number,AKA,Manhole,Population
1,1,St. Petersburg,Florida,USA,27.7712264,-82.6340259,2020,2020-12-13,City,St. Petersburg,FALSE,-,~,FALSE,,,,,FALSE,Home,Joel Karie,Arbor Grove,"3001 58th Ave S, St. Petersburg FL",27.7156258,-82.6737924,,0,TRUE,,,1,,https://photos.app.goo.gl/KebEhrHvXQ76q3SLA,259343
2,2,Miami,Florida,USA,25.7741566,-80.1935973,2021,2021-09-17,City,Miami,FALSE,-,2,FALSE,,,,,FALSE,Hotel,Mandarin Oriental,Mandarin Oriental,"500 Brickell Key Dr, Miami, FL 33131",25.7651135,25.7651135,,2,TRUE,,,2,,https://photos.app.goo.gl/gpJ7cWKTZWwh4Xqv6,443665
3,3,Memphis,Tennessee,USA,35.1460249,-90.0517638,2021,2021-11-25,City,Memphis,FALSE,-,1,TRUE,Orpheum,"The Orpheum, 203, South Main Street, Cotton Row Historic District, Downtown, Memphis, Shelby County, West Tennessee, Tennessee, 38103, United States",35.1402205,-90.055535,TRUE,Hotel,IHG,Crowne Plaza,"300 N 2nd St, Memphis, TN 38105",35.1521501,-90.0479616,0.9274794093,1,FALSE,,,3,,https://photos.app.goo.gl/eJQqHCD6RHFTFMbU6,630027
4,4,Denver,Colorado,USA,39.7392364,-104.984862,2021,2021-12-10,City,Denver,TRUE,26,2,TRUE,Denver Performing Arts Complex,"Denver Performing Arts Complex, 13th Street, Central Business District, Denver, Colorado, 80217, United States",39.744659,-104.9980984,FALSE,Hotel,Marriott,Residence Inn,"1725 Champa St, Denver, CO 80202",39.74803215,-104.9922232,,2,TRUE,,,4,,https://photos.app.goo.gl/Bv5LzHaStGoUj7KP6,710800
5,5,Rocky Mountain National Park,Colorado,USA,40.3553915,-105.7176957,2021,2021-12-13,National Park,Rocky Mountain National Park,FALSE,-,1,FALSE,,,,,FALSE,Visit,,,,,,,0,FALSE,,,5,,FALSE,0
6,6,Estes Park,Colorado,USA,40.3771926,-105.523216,2021,2021-12-14,City,Estes Park,FALSE,-,1,FALSE,,,,,FALSE,Visit,,,,,,,0,FALSE,,,-,,FALSE,5906
7,7,Boulder,Colorado,USA,40.0149856,-105.270545,2021,2021-12-13,City,Boulder,FALSE,-,1,FALSE,,,,,FALSE,Visit,,,,,,,0,FALSE,,,189,,https://photos.app.goo.gl/TEiNpgA5fXnv3cB1A,106598
8,8,Colorado Springs,Colorado,USA,38.8339578,-104.825348,2021,2021-12-27,City,Colorado Springs,FALSE,-,1,FALSE,,,,,FALSE,Visit,,,,,,,0,FALSE,,,6,,FALSE,479612
9,9,Nashville,Tennessee,USA,36.1622767,-86.7742984,2022,2022-01-15,City,Nashville-Davidson metropolitan government (balance),TRUE,50,1,TRUE,Tennessee Performing Arts Center,"Tennessee Performing Arts Center (TPAC), 505, Deaderick Street, Downtown Nashville, Nashville, Davidson County, Middle Tennessee, Tennessee, 37219, United States",36.164551,-86.7824167,TRUE,Hotel,Marriott,TownePlace Suites,"310 Gay St, Nashville, TN 37201",36.16888,-86.7810241,0.3084657138,1,FALSE,,,7,,https://photos.app.goo.gl/zNZ1myi1CEKHDLAJ6,684103
10,,St. Petersburg,Florida,USA,27.71601517,-82.67271682,2022,2022-02-08,City,St. Petersburg,FALSE,-,~,FALSE,,,,,FALSE,Home,Joel Karie,Arbor Grove,"3001 58th Ave S, St. Petersburg FL",27.7156258,-82.6737924,,0,TRUE,,,1,,https://photos.app.goo.gl/KebEhrHvXQ76q3SLA,259343
11,10,Atlanta,Georgia,USA,33.7544657,-84.3898151,2022,2022-04-23,City,Atlanta,TRUE,40,3,FALSE,,,,,FALSE,Hotel,Marriott,Ritz-Carlton,"181 Peachtree St NW, Atlanta, GA 30303",33.75857925,-84.38716226,,1,FALSE,,,8,,https://photos.app.goo.gl/aHGkHutvXNebE37i6,494838
12,,St. Petersburg,Florida,USA,27.71601517,-82.67271682,2022,2022-04-25,City,St. Petersburg,FALSE,-,~,FALSE,,,,,FALSE,Home,Joel Karie,Arbor Grove,"3001 58th Ave S, St. Petersburg FL",27.7156258,-82.6737924,,0,TRUE,,,1,,https://photos.app.goo.gl/KebEhrHvXQ76q3SLA,259343
13,11,Nosara,Guanacaste,Costa Rica,9.9783661,-85.6279024,2022,2022-05-26,City,Nosara,FALSE,-,1,FALSE,,,,,FALSE,Hotel,Other,Che Nosara,"184/185 Lot C, Guanacaste Province, Nosara, 50206, Costa Rica",9.959267778,-85.67233026,,1,TRUE,,,9,,FALSE,4912
14,12,Tamarindo,Guanacaste,Costa Rica,10.2984121,-85.8399505,2022,2022-05-28,City,Tamarindo,FALSE,-,1,FALSE,,,,,FALSE,AirBnB,AirBnB,AirBnB,"Bamboo fence blue door, Tamarindo, Guanacaste Province, Costa Rica",10.3049,-85.8373,,0,FALSE,,,10,,FALSE,6375
15,,St. Petersburg,Florida,USA,27.71601517,-82.67271682,2022,2022-06-01,City,St. Petersburg,FALSE,-,~,FALSE,,,,,FALSE,Home,Joel Karie,Arbor Grove,"3001 58th Ave S, St. Petersburg FL",27.7156258,-82.6737924,,0,TRUE,,,1,,https://photos.app.goo.gl/KebEhrHvXQ76q3SLA,259343
16,13,Porto,Porto,Portugal,41.1502195,-8.6103497,2022,2022-07-02,City,Porto,FALSE,-,1,FALSE,,,,,FALSE,Hotel,Wyndam,Fontinha Porto,"R. da Fontinha 87 91, 4000-243 Porto, Portugal",41.15645083,-8.604787599,,1,TRUE,,,11,,https://photos.app.goo.gl/YET9XREJsJeoeuqU6,252687
17,14,Naples,Campania,Italy,40.8358846,14.2487679,2022,2022-07-04,City,Naples,FALSE,-,1,FALSE,,,,,FALSE,Visit,,,,,,,0,TRUE,,,12,,https://photos.app.goo.gl/YET9XREJsJeoeuqU6,909048
18,15,Sorrento,Campania,Italy,40.624906,14.374836,2022,2022-07-04,City,Sorrento,FALSE,-,1,FALSE,,,,,FALSE,Hotel,Other,Villa Cettina Boutique Hotel,"Via Bernardino Rota, 28, 80067 Sorrento NA, Italy",40.6315664,14.3876277,,1,FALSE,,,13,,FALSE,14724
19,16,Capri,Campania,Italy,40.5488429,14.2283708,2022,2022-07-06,City,Capri,FALSE,-,1,FALSE,,,,,FALSE,Visit,,,,,,,0,FALSE,,,14,,FALSE,6770
20,17,Rome,Lazio,Italy,41.8933203,12.4829321,2022,2022-07-07,City,Rome,TRUE,-,1,FALSE,,,,,FALSE,Visit,,,,,,,0,TRUE,,,15,,https://photos.app.goo.gl/YET9XREJsJeoeuqU6,2318895
21,18,Lisbon,Libson,Portugal,38.7077507,-9.1365919,2022,2022-07-08,City,Lisbon,TRUE,-,1,FALSE,,,,,FALSE,AirBnB,AirBnB,AirBnB,"Rua da Madalena 287 , 3F , Apartment A, Lisboa, Lisboa 1100, Portugal",38.713419,-9.13661,,0,TRUE,,,16,,https://photos.app.goo.gl/uS8dg5tdRHW6MWCs6,517802
22,,St. Petersburg,Florida,USA,27.71601517,-82.67271682,2022,2022-07-14,City,St. Petersburg,FALSE,-,~,FALSE,,,,,FALSE,Home,Joel Karie,Arbor Grove,"3001 58th Ave S, St. Petersburg FL",27.7156258,-82.6737924,,0,TRUE,,,1,,https://photos.app.goo.gl/KebEhrHvXQ76q3SLA,259343
23,19,San Jose,California,USA,37.3361663,-121.890591,2022,2022-08-13,City,San Jose,FALSE,-,1,TRUE,San Jose Center for the Performing Arts,"San Jose Center for the Performing Arts, 255, West San Carlos Street, San Jose, Santa Clara County, California, 95113, United States",37.3296604,-121.8925189,TRUE,Hotel,Sonesta,Simply Suites,"481 El Camino Real, Santa Clara, CA 95050",37.3523744,-121.9354329,2.83494943,1,FALSE,,,17,,https://photos.app.goo.gl/81g4GnYFYuxe9br58,1001176
24,20,San Francisco,California,USA,37.8097487,-122.4104493,2022,2022-08-15,City,San Francisco,FALSE,-,2,FALSE,,,,,FALSE,Visti,,,,,,,1,TRUE,,,18,,https://photos.app.goo.gl/z9LzjqU7tyjwcH4LA,851036
25,21,Sausalito,California,USA,37.8555848,-122.4794998,2022,2022-08-15,City,Sausalito,FALSE,-,1,FALSE,,,,,FALSE,Visit,,,,,,,0,FALSE,,,-,,FALSE,7233
26,22,Berkeley,California,USA,37.8708393,-122.272863,2022,2022-08-16,City,Berkeley,FALSE,-,1,FALSE,,,,,FALSE,Visit,,,,,,,0,FALSE,,,-,,FALSE,121385
27,23,San Diego,California,USA,32.7174202,-117.162772,2022,2022-08-23,City,San Diego,FALSE,-,1,TRUE,San Diego Civic Center,"Juan Rodriguez Cabrillo's discovery of San Diego Bay in 1542, Civic Center Plaza, Core-Columbia, Banker's Hill, San Diego, San Diego County, California, 92101, United States",32.7174029,-117.1629089,TRUE,Hotel,Westgate,The Westgate Hotel,"1055 Second Ave, San Diego, CA 92101",32.71625741,-117.1622662,0.08736437051,1,FALSE,,,19,,https://photos.app.goo.gl/moJpBpmo9T4Kji4SA,1383987
28,,St. Petersburg,Florida,USA,27.71601517,-82.67271682,2022,2022-09-19,City,St. Petersburg,FALSE,-,~,FALSE,,,,,FALSE,Home,Joel Karie,Arbor Grove,"3001 58th Ave S, St. Petersburg FL",27.7156258,-82.6737924,,0,TRUE,,,1,,https://photos.app.goo.gl/KebEhrHvXQ76q3SLA,259343
29,24,Cape Coral,Florida,USA,26.5625742,-81.9438802,2022,2022-10-02,City,Cape Coral,FALSE,-,1,FALSE,,,,,FALSE,Visit,,,,,,,0,FALSE,,,20,,FALSE,198912
30,25,Orlando,Florida,USA,28.5421218,-81.379045,2022,2022-10-15,City,Orlando,FALSE,-,2,FALSE,,,,,FALSE,Visit,,,,,,,1,TRUE,,,21,,https://photos.app.goo.gl/pryimdbaYJRwzUfbA,307738
31,,St. Petersburg,Florida,USA,27.71601517,-82.67271682,2022,2022-10-17,City,St. Petersburg,FALSE,-,~,FALSE,,,,,FALSE,Home,Joel Karie,Arbor Grove,"3001 58th Ave S, St. Petersburg FL",27.7156258,-82.6737924,,0,TRUE,,,1,,https://photos.app.goo.gl/KebEhrHvXQ76q3SLA,259343
32,26,Chicago,Illinois,USA,41.8755616,-87.6244212,2022,2022-12-24,City,Chicago,FALSE,-,5,TRUE,Cadillac Palace Theatre,"Cadillac Palace Theatre, 151, West Randolph Street, Theatre District, Loop, Chicago, South Chicago Township, Cook County, Illinois, 60602, United States",41.884074,-87.6331821,TRUE,Hotel,Marriott,Residence inn,"11 S LaSalle St, Chicago, IL 60603",41.88150976,-87.63207885,,3,TRUE,,,22,,https://photos.app.goo.gl/a2BLz4gZYMv9tffL8,2721914
33,27,Milwaukee,Wisconsin,USA,43.0386475,-87.9090751,2023,2023-01-01,City,Milwaukee,FALSE,-,3,FALSE,,,,,FALSE,Hotel,Marriott,Springhill Suites,"SpringHill Suites Milwaukee Downtown, 744 N Vel R Phillips Ave, Milwaukee, WI 53203",43.0447,-87.9166,,2,TRUE,,,23,,https://photos.app.goo.gl/thW4iHs86grgsZ1G8,573299
34,28,Fort Worth,Texas,USA,32.753177,-97.3327459,2023,2023-01-15,City,Fort Worth,FALSE,-,2,TRUE,Bass Performance Hall,"Bass Performance Hall, 525, Commerce Street, Downtown Fort Worth, Sundance Square, Fort Worth, Tarrant County, Texas, 76102, United States",32.7547535,-97.3297573,TRUE,Hotel,Marriott,TownePlace Suites,"805 E Belknap St, Fort Worth, TX 76102",32.76094211,-97.32794208,0.4393609189,1,FALSE,,,24,,https://photos.app.goo.gl/dU5HXj5eHLDL9j2D9,924663
35,29,Dallas,Texas,USA,32.7762719,-96.7968559,2023,2023-01-16,City,Dallas,FALSE,-,2,FALSE,,,,,FALSE,Visit,,,,,,,0,FALSE,,,25,,https://photos.app.goo.gl/9tFHkFAd2mWxY8G98,1300642
36,30,Los Angeles,California,USA,34.0536909,-118.243683,2023,2023-01-30,City,Los Angeles,FALSE,-,1,TRUE,Hollywood Pantages Theatre,"6233 Hollywood Blvd, Los Angeles, CA 90028",34.10172584,-118.3256362,TRUE,Other,Line Lofts,Line Lofts,"1737 N Las Palmas Ave #100, Los Angeles, CA 90028",34.10270855,-118.336406,0.6212052051,0,TRUE,,,26,,https://photos.app.goo.gl/5JjnmQpNuaf4f6pX7,3881041
37,31,Palm Springs,California,USA,33.8246269,-116.540303,2023,2023-02-20,City,Palm Springs,FALSE,-,1,FALSE,,,,,FALSE,Visit,,,,,,,0,FALSE,,,27,,FALSE,44935
38,32,Houston,Texas,USA,29.7589382,-95.3676974,2023,2023-03-01,City,Houston,FALSE,-,2,FALSE,,,,,FALSE,AirBnB,AirBnb,AirBnB,"115 Pacific, Houston, TX 77006",29.74681909,-95.38436225,,1,TRUE,,,28,,https://photos.app.goo.gl/vqDDf1zcsPtJGjcWA,2296253
39,33,Baton Rouge,Louisiana,USA,30.4494155,-91.1869659,2023,2023-03-04,City,Baton Rouge,TRUE,1,1,FALSE,,,,,FALSE,Hotel,Marriott,TownePlace Suites,"TownePlace Suites Baton Rouge Port Allen, 2421 S Acadian Thruway, Baton Rouge, LA 70808",30.424,-91.154,,1,FALSE,,,29,,https://photos.app.goo.gl/3V5Nfs1SdzMisEAY7,225500
40,34,Biloxi,Mississippi,USA,30.4007626,-88.8893818,2023,2023-03-05,City,Biloxi,FALSE,-,1,FALSE,,,,,FALSE,Visit,,,,,,,0,FALSE,,,30,,FALSE,49141
41,35,Mobile,Alabama,USA,30.6913462,-88.0437509,2023,2023-03-05,City,Mobile,FALSE,-,1,FALSE,,,,,FALSE,Visit,,,,,,,0,FALSE,,,31,,FALSE,186316
42,36,Pensacola,Florida,USA,30.421309,-87.2169149,2023,2023-03-06,City,Pensacola,FALSE,-,1,FALSE,,,,,FALSE,Visit,,,,,,,0,FALSE,,,32,,FALSE,54059
43,37,Tallahassee,Florida,USA,30.4380832,-84.2809332,2023,2023-03-07,City,Tallahassee,TRUE,2,1,FALSE,,,,,FALSE,Visit,,,,,,,0,FALSE,,,-,,FALSE,198259
44,,St. Petersburg,Florida,USA,27.71601517,-82.67271682,2023,2023-03-20,City,St. Petersburg,FALSE,-,~,FALSE,,,,,FALSE,Home,Joel Karie,Arbor Grove,"3001 58th Ave S, St. Petersburg FL",27.7156258,-82.6737924,,0,TRUE,,,1,,https://photos.app.goo.gl/KebEhrHvXQ76q3SLA,259343
45,38,Des Moines,Iowa,USA,41.5868654,-93.6249494,2023,2023-03-28,City,Des Moines,TRUE,3,2,TRUE,Des Moines Civic Center,"221 Walnut St, Des Moines, IA 50309",41.58733229,-93.62042626,TRUE,Hotel,Marriott,Residence Inn,"100 SW Water St, Des Moines, IA 50309",41.58387097,-93.61811704,0.2671653301,2,TRUE,,,33,,https://photos.app.goo.gl/qv2MTDppRbBG8kdW8,213164
46,39,Lincoln,Nebraska,USA,40.8088861,-96.7077751,2023,2023-04-07,City,Lincoln,TRUE,4,2,FALSE,,,,,FALSE,Visit,,,,,,,0,FALSE,,,34,,FALSE,290531
47,40,Omaha,Nebraska,USA,41.2587459,-95.9383758,2023,2023-04-07,City,Omaha,FALSE,-,2,FALSE,,,,,FALSE,Vist,,,,,,,0,TRUE,,,35,,https://photos.app.goo.gl/JWMrWqpUFmpKLkjy6,489201
48,41,Hamilton,Pembroke,Bermuda,32.2942679,-64.7853167,2023,2023-04-18,City,Hamilton,TRUE,-,1,FALSE,,,,,FALSE,Boat,Disney Cruise Line,Fantasy,,,,,0,FALSE,,,36,,https://photos.app.goo.gl/tyMCgsHFjYmnW5ar5,902
49,42,Nassau,New Providence,Bahamas,25.0782266,-77.3383438,2023,2023-04-21,City,Nassau,TRUE,-,1,FALSE,,,,,FALSE,Boat,Disney Cruise Line,Fantasy,,,,,0,FALSE,,,37,,FALSE,227940
50,43,Toledo,Ohio,USA,41.6529143,-83.5378173,2023,2023-04-26,City,Toledo,FALSE,-,1,TRUE,The Stranahan,"4645 Heatherdowns Blvd, Toledo, OH 43614",41.59265728,-83.65182366,TRUE,Hotel,Marriott,Courtyard,"415 W Dussel Dr, Maumee, OH 43537",41.58197769,-83.6762874,,1,FALSE,,,38,,FALSE,269962
51,,Milwaukee,Wisconsin,USA,43.0386475,-87.9090751,2023,2023-05-07,City,Milwaukee,FALSE,-,3,FALSE,,,,,FALSE,Hotel,Other,Saint Kate,"139 E Kilbourn Ave, Milwaukee, WI 53202",43.04189565,-87.91076032,,2,TRUE,,,23,,https://photos.app.goo.gl/thW4iHs86grgsZ1G8,573299
52,44,Madison,Wisconsin,USA,43.07469,-89.3841663,2023,2023-05-21,City,Madison,TRUE,5,2,TRUE,The Overture Center,"Overture Center for the Arts, 201, State Street, Mifflin West, Downtown, Madison, Dane County, Wisconsin, 53703, United States",43.0741343,-89.3882773,TRUE,Hotel,IHG,Staybridge Suites,"3301 City View Dr, Madison, WI 53718",43.13851701,-89.28823594,6.734764488,1,FALSE,,,39,,https://photos.app.goo.gl/rLnzKB9xDk8CgWq16,268516
53,45,Dubuque,Iowa,USA,42.5006243,-90.6647985,2023,2023-05-29,City,Dubuque,FALSE,-,1,FALSE,,,,,FALSE,Visit,,,,,,,0,FALSE,,,41,,FALSE,59315
54,46,Cedar Rapids,Iowa,USA,41.9758872,-91.6704053,2023,2023-05-29,City,Cedar Rapids,FALSE,-,1,FALSE,,,,,FALSE,Visit,,,,,,,0,FALSE,,,-,,FALSE,136929
55,47,Iowa City,Iowa,USA,41.6612561,-91.5299106,2023,2023-05-29,City,Iowa City,FALSE,-,1,FALSE,,,,,FALSE,Visit,,,,,,,0,FALSE,,,40,,https://photos.app.goo.gl/s9LgvkToPcHCXNuD7,74878
56,48,Kansas City,Missouri,USA,39.100105,-94.5781416,2023,2023-05-30,City,Kansas City,TRUE,-,1,TRUE,Kansas City Music Hall,"301 W 13th St, Kansas City, MO 64105",39.09855702,-94.58666718,FALSE,Hotel,Marriott,Westin,"106 W 12th St, Kansas City, MO 64105",39.10012667,-94.58473452,0.1500541715,1,FALSE,,,42,,https://photos.app.goo.gl/rJSCuQpjtzkMfGbg7,505958
57,49,Tulsa,Oklahoma,USA,36.1563122,-95.9927516,2023,2023-06-12,City,Tulsa,FALSE,-,1,TRUE,Tulsa Performing Arts Center,"Tulsa Performing Arts Center, 110, East 2nd Street South, Deco District, Tulsa, Oklahoma, 74103, United States",36.154464,-95.9895089,TRUE,Hotel,Marriott,Residence Inn,"202 W 5th St, Tulsa, OK 74103",36.14996789,-95.99308601,0.3689293215,1,TRUE,,,43,,https://photos.app.goo.gl/jA9sr2Ue8ScjG6P76,411938
58,50,Oklahoma City,Oklahoma,USA,35.4729886,-97.5170536,2023,2023-06-12,City,Oklahoma City,TRUE,6,1,FALSE,,,,,FALSE,Visit,,,,,,,0,FALSE,,,44,,FALSE,681088
59,51,St. Louis,Missouri,USA,38.6254063,-90.190009,2023,2023-06-18,City,St. Louis,FALSE,-,1,FALSE,,,,,FALSE,Hotel,Marriott,Residence Inn,"Residence Inn St. Louis Clayton, 8125 Forsyth Blvd, Clayton, MO 63105",38.649,-90.336,,1,FALSE,,,45,,FALSE,17088
60,52,Indianapolis,Indiana,USA,39.7683331,-86.1583502,2023,2023-06-19,City,Indianapolis city (balance),TRUE,7,1,FALSE,,,,,FALSE,Hotel,Marriott,Westin,"The Westin Indianapolis, 241 W Washington St, Indianapolis, IN 46204",39.7683,-86.1633,,1,FALSE,,,46,,https://photos.app.goo.gl/KeW7rqcYDMjoazvB8,882006
61,53,Columbus,Ohio,USA,39.9622601,-83.0007065,2023,2023-06-19,City,Columbus,TRUE,8,2,FALSE,,,,,FALSE,Visit,,,,,,,0,TRUE,,,47,,https://photos.app.goo.gl/bQoWzWS6w64JPPSx8,902449
62,54,Pittsburgh,Pennsylvania,USA,40.440624,-79.995888,2023,2023-06-20,City,Pittsburgh,FALSE,-,1,FALSE,,,,,FALSE,Hotel,Marriott,The Industrialist,"The Industrialist Hotel Autograph Collection, 405 Wood St, Pittsburgh, PA 15222",40.439,-79.999,,1,TRUE,,,-,,FALSE,303843
63,55,Washington D.C.,District of Columbia,USA,38.8950982,-77.0363849,2023,2023-06-21,City,"Washington city, District of Columbia",TRUE,-,1,TRUE,The Kennedy Center,"John F. Kennedy Center for the Performing Arts, 2700, F Street Northwest, Foggy Bottom, Ward 2, Washington, District of Columbia, 20566, United States",38.8957359,-77.0557586,TRUE,Hotel,Sonder,Sonder,"1111 30th St NW, Washington, DC 20007",38.90460486,-77.05841809,0.6283574135,1,FALSE,,,48,,https://photos.app.goo.gl/Wve8Qj9VoF7dca1b6,670587
64,56,Annapolis,Maryland,USA,38.9786401,-76.492786,2023,2023-06-26,City,Annapolis,TRUE,9,1,FALSE,,,,,FALSE,Visit,,,,,,,0,FALSE,,,49,,FALSE,40719
65,57,Dover,Delaware,USA,39.158168,-75.5243682,2023,2023-07-10,City,Dover,TRUE,10,1,FALSE,,,,,FALSE,Visit,,,,,,,0,FALSE,,,50,,https://photos.app.goo.gl/TgkJw14uq63VPg8u8,38879
66,58,Montreal,Quebec,Canada,45.5031824,-73.5698065,2023,2023-07-25,City,Montreal,FALSE,-,2,FALSE,,,,,FALSE,Hotel,Omni,Hotel Omni Mont-Royal,"Hotel Omni Mont-Royal, 1050 Sherbrooke St W, Montreal, QC H3A 1G3",45.5031,-73.5735,,1,TRUE,,,51,,https://photos.app.goo.gl/wrmUySnM1CSBAyj3A,1762949
67,59,Albany,New York,USA,42.6511674,-73.754968,2023,2023-08-01,City,Albany,TRUE,11,1,FALSE,,,,,FALSE,AirBnB,AirBnB,AirBnB,"806 Broadway, Albany, NY 12207, USA",42.658362,-73.747771,,0,FALSE,,,52,,https://photos.app.goo.gl/4dVNA5ofe4opVwT2A,99692
68,60,Schenectady,New York,USA,42.8142432,-73.9395687,2023,2023-08-05,City,Schenectady,FALSE,-,1,TRUE,Proctors,"Proctors Theatre, 432, State Street, Downtown, City of Schenectady, Schenectady, New York, 12305, United States",42.8119769,-73.9420065,FALSE,Visit,,,"806 Broadway, Albany, NY 12207",42.65819234,-73.74772587,14.50560825,0,FALSE,,,53,,https://photos.app.goo.gl/ehGqBAKwHB4gSApe9,68476
69,61,Boston,Massachusetts,USA,42.3588336,-71.0578303,2023,2023-08-13,City,Boston,TRUE,44,2,FALSE,,,,,FALSE,Visit,,,,,,,0,FALSE,,,54,,https://photos.app.goo.gl/WWKwY5HFWAQ2XvQ18,665945
70,62,Sharon,Massachusetts,USA,42.1237328,-71.1787282,2023,2023-08-13,City,Sharon,FALSE,-,1,FALSE,,,,,FALSE,Visit,,,,,,,0,FALSE,,,137,,FALSE,5983
71,63,Providence,Rhode Island,USA,41.8239891,-71.4128343,2023,2023-08-14,City,Providence,TRUE,12,1,FALSE,,,,,FALSE,Hotel,Marriott,Residence Inn,"Residence Inn Providence Downtown, 100 Sabin St, Providence, RI 02903",41.825,-71.414,,1,TRUE,,,55,,https://photos.app.goo.gl/ybquTTu2XYUnKPbYA,47012
72,64,Hartford,Connecticut,USA,41.764582,-72.6908547,2023,2023-08-15,City,Hartford,TRUE,13,2,FALSE,,,,,FALSE,Visit,,,,,,,1,FALSE,,,56,,FALSE,121057
73,65,Philadelphia,Pennsylvania,USA,39.9527237,-75.1635262,2023,2023-08-16,City,Philadelphia,FALSE,-,1,TRUE,Academy of Music,"Academy of Music, 240, South Broad Street, Gayborhood, Center City, Philadelphia, Philadelphia County, Pennsylvania, 19110, United States",39.9480186,-75.165197,TRUE,Hotel,Marriott,Element,"1441 Chestnut St, Philadelphia, PA 19102",39.95119021,-75.16526331,0.2188475979,1,TRUE,,,57,,https://photos.app.goo.gl/WiefSicjkqU56g2C6,1593208
74,66,New York,New York,USA,40.7127281,-74.0060152,2023,2023-08-21,City,New York,FALSE,-,1,FALSE,,,,,FALSE,Visit,,,,,,,0,FALSE,,,153,,FALSE,8622467
75,67,Trenton,New Jersey,USA,40.2203074,-74.7659,2023,2023-08-29,City,Trenton,TRUE,14,1,FALSE,,,,,FALSE,Visit,,,,,,,0,FALSE,,,58,,FALSE,90055
76,68,Harrisburg,Pennsylvania,USA,40.2663107,-76.8861122,2023,2023-09-01,City,Harrisburg,TRUE,15,1,FALSE,,,,,FALSE,Visit,,,,,,,0,FALSE,,,59,,FALSE,50055
77,69,Richmond,Virginia,USA,37.5385087,-77.43428,2023,2023-09-11,City,Richmond,TRUE,16,1,FALSE,,,,,FALSE,Hotel,Marriott,Moxy,"Moxy Richmond Downtown, 501 E Franklin St, Richmond, VA 23219",37.541,-77.437,,1,TRUE,,,60,,FALSE,227171
78,,St. Petersburg,Florida,USA,27.71601517,-82.67271682,2023,2023-09-15,City,St. Petersburg,FALSE,-,~,FALSE,,,,,FALSE,Home,Joel Karie,Arbor Grove,"3001 58th Ave S, St. Petersburg FL",27.7156258,-82.6737924,,0,TRUE,,,1,,https://photos.app.goo.gl/KebEhrHvXQ76q3SLA,259343
79,70,Guadalajara,Jalisco,Mexico,20.6720375,-103.338396,2023,2023-09-16,City,Guadalajara,TRUE,-,1,FALSE,,,,,FALSE,Hostel,Hostel Hospedarte Centro,Hostel Hospedarte Centro,"Maestranza 147, Guadalajara, JA, 44100, Mexico",20.67460887,-103.345423,,1,TRUE,,,61,,https://photos.app.goo.gl/gLnNMoB4pnSPEZjh9,1385629
80,71,Monterrey,Nuevo Léon,Mexico,25.6802019,-100.315258,2023,2023-09-20,City,Monterrey,TRUE,-,1,TRUE,Showcenter Complex,"Av. Batallón de San Patricio 1000, Zona San Agustín, 66266 San Pedro Garza García, N.L., Mexico",25.64911156,-100.3356246,TRUE,Hotel,IHG,Holiday Inn,"Lázaro Cárdenas 1002 Col Delegación Valle Oriente San Pedro Garza García, 66260 Monterrey, N.L., Mexico",25.65197809,-100.3355198,0.1974320839,2,FALSE,,,62,,https://photos.app.goo.gl/WytzCwtTQgcFt4Db8,1135512
81,72,Lubbock,Texas,USA,33.5855677,-101.8470215,2023,2023-10-12,City,Lubbock,FALSE,-,1,TRUE,Buddy Holly Hall,"The Buddy Holly Hall of Performing Arts, 1300, Mac Davis Lane, Lubbock, Lubbock County, Texas, 79401, United States",33.5908806,-101.8495622,TRUE,Hotel,IHG,Staybridge Suites,"4801 S Loop 289, Lubbock, TX 79424",33.5309581,-101.9141647,5.563225533,1,TRUE,,,63,,https://photos.app.goo.gl/CLgrMwuzLTT4JVzf9,258190
82,73,Albuquerque,New Mexico,USA,35.0841034,-106.650985,2023,2023-10-16,City,Albuquerque,FALSE,-,1,TRUE,Popejoy Hall,"Popejoy Hall, 203, Cornell Drive Northeast, Nob Hill, Albuquerque, Bernalillo County, New Mexico, 87106, United States",35.0820888,-106.620014,FALSE,AirBnB,AirBnB,AirBnB,"1510 Carlisle Blvd NE, Albuquerque, NM 87110, USA",35.0971417,-106.6038079,1.385648099,0,TRUE,,,65,,https://photos.app.goo.gl/KpzgSjqjsZZrgoZ38,562551
83,74,Santa Fe,New Mexico,USA,35.6876096,-105.938456,2023,2023-10-17,City,Santa Fe,TRUE,17,1,FALSE,,,,,FALSE,Visit,,,,,,,0,FALSE,,,64,,https://photos.app.goo.gl/GE3YyG1r8ZQjsJcq6,87617
84,75,Las Vegas,Nevada,USA,36.1674263,-115.1484131,2023,2023-11-06,City,Las Vegas,FALSE,-,2,FALSE,,,,,FALSE,Hotel,Caear's,Harrah's,"3475 Las Vegas Blvd S, Las Vegas, NV 89109",36.11940378,-115.1716606,,2,FALSE,,,66,,https://photos.app.goo.gl/Acw8JBmwfi3FtdbUA,644835
85,76,Death Valley National Park,California,USA,36.4702428,-117.0883909,2023,2023-11-07,National Park,Death Valley National Park,FALSE,-,1,FALSE,,,,,FALSE,Visit,,,,,,,0,FALSE,,,67,,FALSE,0
86,77,Reno,Nevada,USA,39.5261788,-119.812658,2023,2023-11-08,City,Reno,FALSE,-,2,TRUE,Grand Theatre,"2500 E 2nd St, Reno, NV 89595",39.52427202,-119.7798143,FALSE,AirBnB,AirBnB,AirBnB,"221 Vine St, Reno, NV 89503",39.52506537,-119.8249562,2.41243357,1,TRUE,,,68,,https://photos.app.goo.gl/iX6auDva49qdTkjz8,265196
87,78,Carson City,Nevada,USA,39.1663259,-119.7670374,2023,2023-11-08,City,Carson City,TRUE,18,1,FALSE,,,,,FALSE,Visit,,,,,,,0,FALSE,,,69,,FALSE,94475
88,79,Lake Tahoe,Nevada,USA,39.0885405,-120.0503528,2023,2023-11-08,City,"South Lake Tahoe city, California",FALSE,-,1,FALSE,,,,,FALSE,Visit,,,,,,,0,FALSE,,,70,,FALSE,21346
89,80,Virginia City,Nevada,USA,39.3108133,-119.649517,2023,2023-11-11,City,Virginia City,FALSE,-,1,FALSE,,,,,FALSE,Visit,,,,,,,0,FALSE,,,71,,FALSE,904
90,81,Sacramento,California,USA,38.5810606,-121.493895,2023,2023-11-20,City,Sacramento,TRUE,19,2,FALSE,,,,,FALSE,Hotel,Marriott,Courtyard,"2101 River Plaza Dr, Sacramento, CA 95833",38.60555588,-121.5107622,,2,TRUE,,,72,,https://photos.app.goo.gl/y51vtpM4uVXRjgLn8,523600
91,,San Francisco,California,USA,37.8097487,-122.4104493,2022,2023-11-22,City,San Francisco,FALSE,-,2,TRUE,Orpheum Theatre,"Orpheum Theatre, 1192, Market Street, Civic Center, South of Market, San Francisco, California, 94102, United States",37.7791619,-122.4147347,TRUE,Hotel,Sonesta,ES Suites,"1350 Veterans Blvd, South San Francisco, CA 94080",37.66709947,-122.393476,7.815831868,1,TRUE,,,18,,https://photos.app.goo.gl/z9LzjqU7tyjwcH4LA,851036
92,82,Boise,Idaho,USA,43.6166163,-116.200886,2023,2023-12-05,City,Boise City,TRUE,20,2,FALSE,,,,,FALSE,Hotel,Marriott,Towneplace Suites,"1455 S Capitol Blvd, Boise, ID 83706",43.60412215,-116.2137554,,1,FALSE,,,73,,https://photos.app.goo.gl/pB2cnrAF4JHaxSQv8,234192
93,83,Island Park,Idaho,USA,44.423807,-111.371422,2023,2023-12-06,City,Island Park,FALSE,-,1,FALSE,,,,,FALSE,Hotel,Marriott,Springhill Suites,"SpringHill Suites Island Park Yellowstone, 4292 N Hwy 20, Island Park, ID 83429",44.496,-111.333,,1,FALSE,,,74,,FALSE,144
94,84,Yellowstone National Park,Montana,USA,44.6200885,-110.5606893,2023,2023-12-08,National Park,Yellowstone National Park,FALSE,-,1,FALSE,,,,,FALSE,Visit,,,,,,,0,FALSE,,,75,,FALSE,0
95,85,Bozeman,Montana,USA,45.6794293,-111.044047,2023,2023-12-08,City,Bozeman,FALSE,-,1,FALSE,,,,,FALSE,Visit,,,,,,,0,FALSE,,,76,,FALSE,53500
96,86,Helena,Montana,USA,46.5927425,-112.036277,2023,2023-12-08,City,Helena,TRUE,21,1,FALSE,,,,,FALSE,Hotel,Marriott,Delta,"Delta Hotels Helena Colonial, 2301 Colonial Dr, Helena, MT 59601",46.596,-112.041,,1,FALSE,,,77,,FALSE,1829
97,87,Spokane,Washington,USA,47.6571934,-117.42351,2023,2023-12-08,City,Spokane,TRUE,-,2,FALSE,,,,,TRUE,Visit,,,,,,,1,TRUE,,,78,,https://photos.app.goo.gl/AcVE6M3xMBLaArzP9,227922
98,88,Olympia,Washington,USA,47.0451022,-122.8950075,2023,2023-12-09,City,Olympia,TRUE,22,2,FALSE,,,,,FALSE,Visit,,,,,,,0,TRUE,,,-,,FALSE,55151
99,89,Seattle,Washington,USA,47.6038321,-122.330062,2023,2023-12-10,City,Seattle,FALSE,-,4,FALSE,,,,,FALSE,Other,Kasa,The Oxford,"1920 1st Ave, Seattle, WA 98101",47.61087623,-122.3418031,,1,TRUE,,,79,,https://photos.app.goo.gl/aRSmpyCH7pp48ZVQ8,734603
100,90,Tacoma,Washington,USA,47.2455013,-122.438329,2023,2023-12-16,City,Tacoma,FALSE,-,2,FALSE,,,,,FALSE,Visit,,,,,,,0,TRUE,,,80,,FALSE,219234
101,91,Centralia,Washington,USA,46.7204489,-122.96143,2023,2023-12-16,City,Centralia,FALSE,-,2,FALSE,,,,,FALSE,Visit,,,,,,,0,FALSE,,,81,,FALSE,18234
102,92,Kalama,Washington,USA,46.0085225,-122.84247,2023,2023-12-17,City,Kalama,FALSE,-,2,FALSE,,,,,FALSE,Visit,,,,,,,1,FALSE,,,82,,FALSE,2952
103,93,Snohomish,Washington,USA,48.0074736,-121.7304882,2023,2023-12-17,City,Snohomish,FALSE,-,1,FALSE,,,,,FALSE,Visit,,,,,,,0,FALSE,,,83,,FALSE,10133
104,94,Eugene,Oregon,USA,44.0505054,-123.0950506,2023,2023-12-21,City,Eugene,FALSE,-,2,FALSE,,,,,FALSE,Visit,,,,,,,0,FALSE,,,84,,FALSE,176755
105,95,Salem,Oregon,USA,44.9391565,-123.033121,2023,2023-12-21,City,Salem,TRUE,23,2,FALSE,,,,,FALSE,Visit,,,,,,,0,TRUE,,,-,,FALSE,175754
106,96,Bend,Oregon,USA,44.0581728,-121.3153096,2023,2023-12-21,City,Bend,FALSE,-,2,FALSE,,,,,FALSE,Hotel,Marriott,Element,"1526 NW Wall St, Bend, OR 97703",44.06512136,-121.3079765,,2,TRUE,,,85,,https://photos.app.goo.gl/axwmV6WkbRSkmpAB8,99442
107,,San Francisco,California,USA,37.8097487,-122.4104493,2022,2023-01-22,City,San Francisco,FALSE,-,2,TRUE,Orpheum Theatre,"Orpheum Theatre, 1192, Market Street, Civic Center, South of Market, San Francisco, California, 94102, United States",37.7791619,-122.4147347,TRUE,Hotel,Sonesta,ES Suites,"1350 Veterans Blvd, South San Francisco, CA 94080",37.66709947,-122.393476,7.815831868,1,TRUE,,,18,,https://photos.app.goo.gl/z9LzjqU7tyjwcH4LA,851036
108,97,Sonoma,California,USA,38.5110803,-122.8473388,2023,2023-12-23,City,Sonoma,FALSE,-,2,FALSE,,,,,FALSE,Visit,,,,,,,0,FALSE,,,86,,FALSE,10702
109,98,Napa,California,USA,38.4898675,-122.3218414,2023,2023-12-23,City,Napa,FALSE,-,2,FALSE,,,,,FALSE,Visit,,,,,,,0,FALSE,,,87,,FALSE,79233
110,99,Santa Cruz,California,USA,37.050096,-121.99059,2023,2023-12-25,City,Santa Cruz,FALSE,-,1,FALSE,,,,,FALSE,Visit,,,,,,,0,FALSE,,,88,,FALSE,61367
111,100,Monterey,California,USA,36.2231079,-121.387742,2023,2023-12-25,City,Monterey,FALSE,-,1,FALSE,,,,,FALSE,Visit,,,,,,,0,FALSE,,,89,,FALSE,30007
112,101,Carmel-By-The-Sea,California,USA,36.5552656,-121.923278,2023,2023-12-25,City,Carmel-By-The-Sea,FALSE,-,1,FALSE,,,,,FALSE,Visit,,,,,,,0,FALSE,,,90,,FALSE,3239
113,102,Portland,Oregon,USA,45.5202471,-122.674194,2024,2024-01-01,City,Portland,FALSE,-,4,TRUE,Keller Auditorium,"Keller Auditorium, 222, Southwest Clay Street, University District, Downtown, Portland, Multnomah County, Oregon, 97201, United States",45.5124139,-122.6781499,FALSE,Hotel,Landing,Park Avenue West Apartments,"750 SW 9th Ave, Portland, OR 97205",45.5193505,-122.6810545,0.4993701859,2,TRUE,,,91,,https://photos.app.goo.gl/bvnvkqfo5eEx8BDL7,646101
114,103,Oregon Coast/Lincoln City,Oregon,USA,44.9896047,-124.0051518,2024,2024-01-01,City,Lincoln City,FALSE,-,2,FALSE,,,,,FALSE,Visit,,,,,,,0,FALSE,,,92,,FALSE,9790
115,104,Astoria,Oregon,USA,46.1882007,-123.8319802,2024,2024-01-01,City,Astoria,FALSE,-,1,FALSE,,,,,FALSE,Visit,,,,,,,0,FALSE,,,93,,FALSE,10184
116,105,Willamette Valley,Oregon,USA,45.4611068,-122.539994,2024,2024-01-03,Area,Willamette Valley,FALSE,-,2,FALSE,,,,,FALSE,Visit,,,,,,,1,TRUE,,,94,,FALSE,0
117,106,Costa Mesa,California,USA,33.6633386,-117.903317,2024,2024-01-30,City,Costa Mesa,FALSE,-,1,TRUE,Segerstrom Center for the Arts,"Segerstrom Center for the Arts, Julianne and George Argyros Plaza, Costa Mesa, Orange County, California, 92707, United States",33.6923788,-117.8819502,TRUE,Hotel,Marriott,Marriott,"500 Anton Blvd, Costa Mesa, CA 92626",33.69065696,-117.8787855,0.2175426349,1,FALSE,,,95,,FALSE,111490
118,107,Salt Lake City,Utah,USA,40.7596198,-111.886797,2024,2024-02-19,City,Salt Lake City,TRUE,24,1,FALSE,,,,,FALSE,Visit,,,,,,,0,FALSE,,,-,,FALSE,201269
119,108,Park City,Utah,USA,40.6460921,-111.4979963,2024,2024-02-19,City,Park City,FALSE,-,1,FALSE,,,,,FALSE,Visit,,,,,,,0,FALSE,,,96,,FALSE,8379
120,109,Cheyenne,Wyoming,USA,41.139981,-104.820246,2024,2024-02-19,City,Cheyenne,TRUE,25,1,FALSE,,,,,FALSE,Hotel,Marriott,Springhill Suites,"SpringHill Suites Cheyenne, 416 W Fox Farm Rd, Cheyenne, WY 82007",41.097,-104.821,,1,FALSE,,,-,Rapid City,FALSE,64795
121,110,Mt. Rushmore,South Dakota,USA,43.8794033,-103.4598048,2024,2024-02-20,Landmark,Mt. Rushmore,FALSE,-,1,FALSE,,,,,FALSE,Hotel,Marriott,Residence Inn,"Residence Inn Rapid City, 581 Watiki Way, Rapid City, SD 57719",44.081,-103.236,,1,FALSE,,,97,,FALSE,0
122,111,Bismarck,North Dakota,USA,29.7666019,-95.3744931,2024,2024-02-21,City,Bismarck,TRUE,27,2,FALSE,,,,,FALSE,Hotel,Marriott,Fairfield Inn,"Fairfield Inn & Suites Bismarck North, 1120 E Century Ave, Bismarck, ND 58503",46.833,-100.748,,1,FALSE,,,98,,FALSE,73694
123,112,Pierre,South Dakota,USA,44.3683644,-100.351136,2024,2024-02-22,City,Pierre,TRUE,28,1,FALSE,,,,,FALSE,Visit,,,,,,,0,FALSE,,,99,,FALSE,2522
124,113,Sioux Falls,South Dakota,USA,43.5476008,-96.7293629,2024,2024-02-23,City,Sioux Falls,FALSE,-,1,FALSE,,,,,FALSE,Hotel,Marriott,TownePlace Suites,"TownePlace Suites Sioux Falls South, 6400 S Connie Ave, Sioux Falls, SD 57108",43.49,-96.767,,1,FALSE,,,100,,FALSE,193401
125,114,Sioux City,Iowa,USA,42.4966815,-96.4058782,2024,2024-02-24,City,Sioux City,FALSE,-,1,FALSE,,,,,FALSE,Visit,,,,,,,1,FALSE,,,,,FALSE,85469
126,115,Topeka,Kansas,USA,39.049011,-95.677556,2024,2024-02-24,City,Topeka,TRUE,29,1,FALSE,,,,,FALSE,Visit,,,,,,,0,FALSE,,,101,,FALSE,126431
127,116,Jefferson City,Missouri,USA,38.577359,-92.1724265,2024,2024-02-24,City,Jefferson City,TRUE,30,1,FALSE,,,,,FALSE,Visit,,,,,,,0,FALSE,,,102,,FALSE,42644
128,,Omaha,Nebraska,USA,41.2587459,-95.9383758,2023,2024-02-27,City,Omaha,FALSE,-,2,TRUE,Orpheum Theater,"Orpheum Theater, 409, South 16th Street, Omaha, Douglas County, Nebraska, 68102, United States",41.2562232,-95.9363071,FALSE,Furnished Finder,Furnished Finder,Furnished Finder,"2405 Harney St, Omaha, NE 68131",41.2564902,-95.9471859,0.5668249909,0,TRUE,,,35,,https://photos.app.goo.gl/JWMrWqpUFmpKLkjy6,489201
129,117,Ames,Iowa,USA,42.0267567,-93.6170448,2024,2024-03-25,City,Ames,FALSE,-,1,FALSE,,,,,FALSE,Visit,,,,,,,0,FALSE,,,,,FALSE,66265
130,118,Minneapolis/St. Paul,Minnesota,USA,44.9227049,-93.0554922,2024,2024-03-25,City,Minneapolis,TRUE,32,1,TRUE,Orpheum Theatre,"910 Hennepin Ave, Minneapolis, MN 55403",44.97626839,-93.27744898,FALSE,Hotel,Sonder,Sonder,"120 N 2nd St, Minneapolis, MN 55401",44.984382,-93.2694027,0.6851416836,0,TRUE,,,103,,FALSE,426877
131,119,Davenport,Iowa,USA,41.5224692,-90.5756401,2024,2024-04-29,City,Davenport,FALSE,-,1,FALSE,,,,,FALSE,Hotel,Marriott,The Current,"The Current Iowa Autograph Collection, 215 N Main St, Davenport, IA 52801",41.523,-90.575,,1,TRUE,,,104,,FALSE,101448
132,120,Springfield,Illinois,USA,39.7990175,-89.6439575,2024,2024-04-29,City,Springfield,TRUE,31,1,FALSE,,,,,FALSE,Hotel,Marriott,Courtyard,"Courtyard Springfield, 3462 Freedom Dr, Springfield, IL 62704",39.8,-89.65,,1,FALSE,,,105,,FALSE,114214
133,121,Dayton,Ohio,USA,39.7589478,-84.1916069,2024,2024-05-01,City,Dayton,FALSE,-,1,TRUE,Benjamin & Marian Schuster Performing Arts Center,"Benjamin & Marian Schuster Performing Arts Center, 1, West 2nd Street, East Second Street Historic District, Dayton, Montgomery County, Ohio, 45422, United States",39.761211,-84.1932823,FALSE,AirBnB,AirBnB,AirBnB,"20 Green St, Dayton, OH 45402, USA",39.7540863,-84.1877211,0.573847145,0,FALSE,,,106,,https://photos.app.goo.gl/aX2hjhh3Ak8f6Urj6,137305
134,122,Cincinnati,Ohio,USA,39.1014537,-84.5124602,2024,2024-05-06,City,Cincinnati,FALSE,-,1,FALSE,,,,,FALSE,Visit,,,,,,,0,TRUE,,,107,,FALSE,308870
135,123,Covington,Kentucky,USA,39.0831712,-84.5107548,2024,2024-05-06,City,Covington,FALSE,-,2,FALSE,,,,,FALSE,Visit,,,,,,,0,FALSE,,,,,FALSE,40923
136,124,Charleston,West Virginia,USA,32.7884363,-79.9399309,2024,2024-05-13,City,Charleston,TRUE,33,1,FALSE,,,,,FALSE,Hotel,Marriott,Marriott,"Charleston Marriott Town Center, 200 Lee St E, Charleston, WV 25301",38.35,-81.632,,1,TRUE,,,108,,FALSE,48415
137,125,Roanoke,Virginia,USA,37.270973,-79.9414313,2024,2024-05-14,City,Roanoke,FALSE,-,1,FALSE,,,,,FALSE,Visit,,,,,,,0,FALSE,,,120,,FALSE,99213
138,126,Durham,North Carolina,USA,35.996653,-78.9018053,2024,2024-05-15,City,Durham,FALSE,-,1,TRUE,Durham Performing Arts Center,"Durham Performing Arts Center, 123, South Mangum Street, American Tobacco Historic District, Downtown Durham, Durham, Durham County, North Carolina, 27701, United States",35.9932676,-78.9022327,FALSE,Furnished Finder,Furnished Finder,Furnished Finder,"500 N Duke St, Durham, NC 27701",36.00291,-78.9056566,0.6919342296,0,TRUE,,,109,,https://photos.app.goo.gl/yAzjV5tVEHkwU17w6,284094
139,127,Raleigh,North Carolina,USA,35.7803977,-78.6390989,2024,2024-05-20,City,Raleigh,TRUE,34,1,FALSE,,,,,FALSE,Visit,,,,,,,0,FALSE,,,110,,FALSE,465517
140,,Columbus,Ohio,USA,39.9622601,-83.0007065,2023,2024-06-12,City,Columbus,TRUE,8,2,TRUE,Ohio Theatre,"Ohio Theatre, South Pearl Street, River South, Downtown, Columbus, Sharon, Franklin County, Ohio, 43216, United States",39.9598912,-82.9989419,FALSE,Furnised Finder,Furnished Finder,Furnished Finder,"150 E Main St, Columbus, OH 43215",39.9568058,-82.9953602,0.2854419249,0,TRUE,,,47,,https://photos.app.goo.gl/bQoWzWS6w64JPPSx8,902449
141,128,Louisville,Kentucky,USA,38.2542376,-85.759407,2024,2024-06-17,City,Louisville/Jefferson County metro government (balance),FALSE,-,1,FALSE,,,,,FALSE,Hotel,Marriott,Moxy,"Moxy Louisville Downtown, 700 S 3rd St, Louisville, KY 40202",38.246,-85.758,,1,FALSE,,,112,,https://photos.app.goo.gl/ZfavGXcHfhxyrVHS7,629176
142,129,Frankfort,Kentucky,USA,38.2009055,-84.8732836,2024,2024-06-17,City,Frankfort,TRUE,35,1,FALSE,,,,,FALSE,Visit,,,,,,,0,FALSE,,,113,,FALSE,28460
143,130,Lexington,Kentucky,USA,38.0464066,-84.4970393,2024,2024-06-17,City,Lexington-Fayette urban county,FALSE,-,1,FALSE,,,,,FALSE,Visit,,,,,,,0,FALSE,,,114,,https://photos.app.goo.gl/Z1MnmmAioJ4WjZvF6,321276
144,131,Little Rock,Arkansas,USA,34.7465071,-92.2896267,2024,2024-07-09,City,Little Rock,TRUE,36,1,FALSE,,,,,FALSE,Hotel,Marriott,Residence Inn,"Residence Inn Downtown Little Rock, 219 River Market Ave, Little Rock, AR 72201",34.744,-92.265,,1,FALSE,,,115,,https://photos.app.goo.gl/JJn3EbtqWRPp5XqB6,202218
145,,Houston,Texas,USA,29.7589382,-95.3676974,2023,2024-07-11,City,Houston,FALSE,-,2,TRUE,The Hobby Center,"Hobby Center for the Performing Arts, Rusk Street, Downtown, Houston, Harris County, Texas, 77003, United States",29.7616583,-95.369706,TRUE,Hotel,Sonder,Sonder,"401 Louisiana St, Houston, TX 77002",29.76255469,-95.36393026,0.3525489323,1,TRUE,,,28,,https://photos.app.goo.gl/vqDDf1zcsPtJGjcWA,2296253
146,132,Galveston,Texas,USA,29.3872254,-94.992736,2024,2024-07-29,City,Galveston,FALSE,-,1,FALSE,,,,,FALSE,Visit,,,,,,,0,FALSE,,,116,,FALSE,53265
147,133,Jackson,Mississippi,USA,32.2998686,-90.1830408,2024,2024-08-05,City,Jackson,TRUE,37,1,FALSE,,,,,FALSE,Visit,,,,,,,0,FALSE,,,117,,https://photos.app.goo.gl/KqfnoEesFEtspeJP8,153271
148,134,Montgomery,Alabama,USA,32.3777111,-86.3090775,2024,2024-08-05,City,Montgomery,TRUE,38,1,FALSE,,,,,FALSE,Visit,,,,,,,0,FALSE,,,118,,FALSE,199819
149,,Atlanta,Georgia,USA,33.7544657,-84.3898151,2022,2024-08-06,City,Atlanta,TRUE,40,3,FALSE,,,,,FALSE,Other,Celeste Dinos,Celeste Dinos,"1270 Valley Reserve Drive NW Kennesaw, GA 30152",33.98421324,-84.59803432,,1,FALSE,,,8,,https://photos.app.goo.gl/aHGkHutvXNebE37i6,494838
150,135,Charlotte,North Carolina,USA,35.2272086,-80.8430827,2024,2024-08-09,City,Charlotte,FALSE,-,1,TRUE,Belk Theater at Blumenthal Performing Arts Cente,"130 N Tryon St, Charlotte, NC 28202",35.22726321,-80.84198907,FALSE,AirBnB,AirBnB,AirBnB,"710 W Trade St, Charlotte, NC 28202, USA",35.2320775,-80.8484573,0.4939770123,0,FALSE,,,119,,FALSE,875045
151,136,Columbia,South Carolina,USA,34.000754,-81.0352313,2024,2024-08-24,City,Columbia,TRUE,39,1,FALSE,,,,,FALSE,Visit,,,,,,,0,FALSE,,,121,,FALSE,136754
152,137,Charleston,South Carolina,USA,32.7884363,-79.9399309,2024,2024-09-02,City,Charleston,FALSE,-,1,FALSE,,,,,FALSE,Hotel,Marriott,Aloft,"Aloft Charleston Airport & Convention Center, 4875 Tanger Outlet Blvd, North Charleston, SC 29418",32.9,-80.044,,1,FALSE,,,122,,https://photos.app.goo.gl/pHB6jitpm3BDb4jU7,149960
153,138,Asheville,North Carolina,USA,35.595363,-82.5508407,2024,2024-09-09,City,Asheville,FALSE,-,1,FALSE,,,,,FALSE,Hotel,Marriott,TownePlace Suites,"TownePlace Suites Asheville Downtown, 1914 Kensington Dr, Asheville, NC 28804",35.593,-82.565,,1,TRUE,,,123,,https://photos.app.goo.gl/6fBys7NYMVzwtULN6,93695
154,139,Greenville,South Carolina,USA,34.851354,-82.3984882,2024,2024-09-11,City,Greenville,FALSE,-,1,TRUE,The Peace Center,"Peace Center for the Performing Arts, West Broad Street, Downtown, Greenville, Greenville County, South Carolina, 29601, United States",34.8473694,-82.401476,TRUE,Hotel,Marriott,Residence Inn,"200 E Washington St, Greenville, SC 29601",34.84978885,-82.39684895,0.3113790713,1,TRUE,,,124,,https://photos.app.goo.gl/WZd1UGzzgLPpNgPu5,70838
155,,Atlanta,Georgia,USA,33.7544657,-84.3898151,2022,2024-10-01,City,Atlanta,TRUE,40,3,TRUE,The Fox,"Parking lot buffers north of the Fox Theatre, Old Fourth Ward, Atlanta, Fulton County, Georgia, United States",33.773546,-84.3852876,FALSE,Hotel,Renai Allen,Renai Allen,"2411 Lost Valley Trail SE, Conyers, GA 30094",33.62317864,-84.01670164,23.62732617,1,FALSE,,,8,,https://photos.app.goo.gl/aHGkHutvXNebE37i6,494838
156,140,Burlington,Vermont,USA,44.4761601,-73.212906,2024,2024-10-23,City,Burlington,FALSE,-,1,FALSE,,,,,FALSE,Visit,,,,,,,0,FALSE,,,,,FALSE,44646
157,141,Montpelier,Vermont,USA,44.2602244,-72.5750364,2024,2024-10-23,City,Montpelier,TRUE,41,1,FALSE,,,,,FALSE,Visit,,,,,,,0,FALSE,,,125,,FALSE,8030
158,142,Ottawa,Ontario,Canada,45.4208777,-75.6901106,2024,2024-10-24,City,Ottawa,TRUE,-,1,TRUE,National Arts Centre,"National Arts Centre, 53, Elgin Street, Centretown, Somerset, Ottawa, Eastern Ontario, Ontario, K1A 0G5, Canada",45.4231956,-75.6933452,TRUE,Hotel,Sonder,Sonder,"161 Laurier Ave W, Ottawa, ON K1P 5J2, Canada",45.42048029,-75.69435855,0.1938849049,1,TRUE,,,126,,https://photos.app.goo.gl/vXryG1FFyB9PjV6dA,1017449
159,143,Trois-Rivières,Quebec,Canada,46.3432325,-72.5428485,2024,2024-11-11,City,Trois-Rivières,FALSE,-,1,FALSE,,,,,FALSE,Visit,,,,,,,0,FALSE,,,127,,https://photos.app.goo.gl/7idj77vbuBbsHVJh7,144472
160,144,Quebec City,Quebec,Canada,46.8137431,-71.2084061,2024,2024-11-11,City,Quebec City,TRUE,-,1,FALSE,,,,,FALSE,AirBnB,AirBnB,AirBnB,"735 Boulevard Charest E, Québec, QC G1K 3J7, Canada",46.814951,-71.219551,,0,TRUE,,,128,,https://photos.app.goo.gl/nS6aEwL7jk7rxNTq6,531902
161,145,La Malbaie,Quebec,Canada,47.657525,-70.153885,2024,2024-11-13,City,La Malbaie,FALSE,-,1,FALSE,,,,,FALSE,Visit,,,,,,,0,FALSE,,,129,Baie-Saint-Paul,FALSE,8959
162,146,Fredericton,New Brunswick,Canada,45.9488278,-66.6291827,2024,2024-11-15,City,Fredericton,TRUE,-,1,FALSE,,,,,FALSE,Visit,,,,,,,0,FALSE,,,130,,FALSE,63116
163,147,Saint John,New Brunswick,Canada,45.2787992,-66.0585188,2024,2024-11-15,City,Saint John,FALSE,-,1,FALSE,,,,,FALSE,Hotel,Marriott,Delta,"Delta Hotels Saint John, 39 King St, Saint John, NB E2L 4W3",45.272,-66.06,,1,FALSE,,,131,,FALSE,110525
164,148,Acadia National Park,Maine,USA,44.3563115,-68.2154787,2024,2024-11-16,National Park,Acadia National Park,FALSE,-,1,FALSE,,,,,FALSE,Visit,,,,,,,0,FALSE,,,132,,FALSE,0
165,149,Bar Harbor,Maine,USA,44.3876378,-68.2043361,2024,2024-11-16,City,Bar Harbor,FALSE,-,1,FALSE,,,,,FALSE,Visit,,,,,,,0,FALSE,,,,,FALSE,2154
166,150,Bangor,Maine,USA,44.8016255,-68.7713289,2024,2024-11-16,City,Bangor,FALSE,-,1,FALSE,,,,,FALSE,Visit,,,,,,,0,FALSE,,,134,,https://photos.app.goo.gl/UHmbKdcyjjpBGKBf6,31705
167,151,Augusta,Maine,USA,44.3148027,-69.7743945,2024,2024-11-17,City,Augusta,TRUE,42,1,FALSE,,,,,FALSE,Visit,,,,,,,0,FALSE,,,133,,FALSE,18938
168,152,Portland,Maine,USA,45.5202471,-122.674194,2024,2024-11-17,City,Portland,FALSE,-,1,FALSE,,,,,FALSE,Hotel,Marriott,Springhill Suites,"SpringHill Suites Freeport Brunswick, 2 Somerset St, Freeport, ME 04032",43.849,-70.103,,1,TRUE,,,135,,FALSE,68280
169,153,Concord,New Hampshire,USA,43.207178,-71.537476,2024,2024-11-18,City,Concord,TRUE,43,1,FALSE,,,,,FALSE,Visit,,,,,,,0,FALSE,,,136,,FALSE,44049
170,,Hartford,Connecticut,USA,41.764582,-72.6908547,2023,2024-11-20,City,Hartford,TRUE,13,2,TRUE,The Bushnell Performing Arts Center,"166 Capitol Ave, Hartford, CT 06106",41.76251497,-72.68086798,TRUE,Hotel,Other,The Goodwin,"1 Haynes St, Hartford, CT 06103",41.76789499,-72.67268569,0.5626776488,1,FALSE,,,56,,FALSE,121057
171,154,Syracuse,New York,USA,43.0481221,-76.1474244,2024,2024-12-02,City,Syracuse,FALSE,-,1,TRUE,Landmark Theatre,"Landmark Theatre, 362, South Salina Street, Downtown, City of Syracuse, Onondaga County, New York, 13202, United States",43.0473075,-76.152614,FALSE,AirBnB,AirBnB,AirBnB,"300 University Ave, Syracuse, NY 13210, USA",43.04807862,-76.13454582,0.9163033352,0,TRUE,,,138,,https://photos.app.goo.gl/M8RFhvHtNTBysLCq7,146134
172,155,Rochester,New York,USA,43.157285,-77.615214,2024,2024-12-09,City,Rochester,FALSE,-,1,FALSE,,,,,FALSE,Visit,,,,,,,0,FALSE,,,139,,FALSE,210992
173,156,Buffalo,New York,USA,42.8864163,-78.8781493,2024,2024-12-18,City,Buffalo,FALSE,-,1,TRUE,Shea's Buffalo Theater,"Shea's Buffalo Theater, Curtain Up Alley, Theatre District, Downtown, Buffalo, Erie County, New York, 14202, United States",42.8918573,-78.8731925,TRUE,Hotel,IHG,Holiday Inn,"601 Main St, Buffalo, NY 14203",42.89011252,-78.87207444,0.1331395465,1,TRUE,,,140,,FALSE,276688
174,157,Niagara Falls,New York,USA,43.084841,-79.0701786,2024,2024-12-21,City,Niagara Falls,FALSE,-,1,FALSE,,,,,FALSE,Visit,,,,,,,0,FALSE,,,141,,FALSE,48502
175,158,Toronto,Ontario,Canada,43.6534817,-79.3839347,2024,2024-12-24,City,Toronto,TRUE,-,2,FALSE,,,,,FALSE,Hotel,Four Seasons,Four Seasons,"Four Seasons Hotel Toronto, 60 Yorkville Ave, Toronto, ON M4W 0A4",43.671,-79.3893,,3,TRUE,,,142,,https://photos.app.goo.gl/82sGDBwtbEtcU8ws6,2794356
176,159,Mississauga,Ontario,Canada,43.5884727,-79.643658,2024,2024-12-26,City,Mississauga,FALSE,-,1,FALSE,,,,,FALSE,Visit,,,,,,,0,FALSE,,,,,FALSE,717961
177,160,Hamilton,Ontario,Canada,43.2560802,-79.8728583,2024,2024-12-26,City,Hamilton,FALSE,-,1,FALSE,,,,,FALSE,Visit,,,,,,,0,FALSE,,,,,FALSE,569353
178,161,St. Catharines,Ontario,Canada,43.1579812,-79.2441003,2024,2024-12-26,City,St. Catharines,FALSE,-,1,FALSE,,,,,FALSE,Visit,,,,,,,0,FALSE,,,,,FALSE,136803
179,162,Niagara-on-the-Lake,Ontario,Canada,43.2556116,-79.0723264,2024,2024-12-26,City,Niagara-on-the-Lake,FALSE,-,1,FALSE,,,,,FALSE,Visit,,,,,,,0,FALSE,,,,,FALSE,17511
180,,Milwaukee,Wisconsin,USA,43.0386475,-87.9090751,2023,2025-01-06,City,Milwaukee,FALSE,-,3,FALSE,,,,,FALSE,Hotel,Kasa,Kasa,"840 W Juneau Ave, Milwaukee, WI 53233",43.04582953,-87.92266656,,2,TRUE,,,23,,https://photos.app.goo.gl/thW4iHs86grgsZ1G8,573299
181,163,Appleton,Wisconsin,USA,44.2613967,-88.4069744,2025,2025-01-08,City,Appleton,FALSE,-,1,TRUE,Fox Cities Performing Arts Center,"Fox Cities Performing Arts Center, 400, West College Avenue, 1, Appleton, Outagamie County, Wisconsin, 54911, United States",44.2623724,-88.4115241,FALSE,AirBnB,AirBnB,AirBnB,"309 N Morrison St, Appleton, WI 54911, USA",44.264192,-88.4044474,0.3729236645,0,TRUE,,,143,,FALSE,75133
182,164,Green Bay,Wisconsin,USA,44.5126379,-88.0125794,2025,2025-01-11,City,Green Bay,FALSE,-,1,FALSE,,,,,FALSE,Visit,,,,,,,0,FALSE,,,144,,FALSE,106846
183,165,Oshkosh,Wisconsin,USA,44.0206919,-88.5408574,2025,2025-01-14,City,Oshkosh,FALSE,-,1,FALSE,,,,,FALSE,Visit,,,,,,,0,FALSE,,,145,,FALSE,66373
184,166,Sturgeon Bay,Wisconsin,USA,44.8341639,-87.377042,2025,2025-01-18,City,Sturgeon Bay,FALSE,-,1,FALSE,,,,,FALSE,Visit,,,,,,,0,FALSE,,,146,,FALSE,9620
185,167,Door County,Wisconsin,USA,44.7615925,-87.5329747,2025,2025-01-18,Area,Door County,FALSE,-,1,FALSE,,,,,FALSE,Visit,,,,,,,0,TRUE,,,147,,FALSE,0
186,168,Sheboygan,Wisconsin,USA,43.7128967,-87.9370433,2025,2025-01-25,City,Sheboygan,FALSE,-,1,FALSE,,,,,FALSE,Visit,,,,,,,0,TRUE,,,148,,FALSE,49805
187,,Chicago,Illinois,USA,41.8755616,-87.6244212,2022,2025-01-27,City,Chicago,FALSE,-,5,FALSE,,,,,FALSE,Marriott,Marriott,Courtyard,"30 E Hubbard St, Chicago, IL 60611",41.89008492,-87.62763219,,3,TRUE,,,22,,https://photos.app.goo.gl/a2BLz4gZYMv9tffL8,2721914
188,169,Kalamazoo,Michigan,USA,42.291707,-85.5872286,2025,2025-01-29,City,Kalamazoo,FALSE,-,1,TRUE,Miller Auditorium,"Miller Auditorium, Theatre Drive, Kalamazoo, Kalamazoo County, Michigan, 49008, United States",42.2793033,-85.6156542,FALSE,AirBnB,AirBnB,AirBnB,"433 W Dutton St, Kalamazoo, MI 49007, USA",42.2850274,-85.5886506,1.439302442,0,FALSE,,,149,,FALSE,73342
189,170,Grand Rapids,Michigan,USA,42.9632425,-85.6678639,2025,2025-01-31,City,Grand Rapids,FALSE,-,2,FALSE,,,,,FALSE,Visit,,,,,,,1,TRUE,,,151,,https://photos.app.goo.gl/s2f4dtktRyqiM8Ez6,11385
190,171,Lansing,Michigan,USA,42.7338254,-84.5546295,2025,2025-01-31,City,Lansing,TRUE,45,1,FALSE,,,,,FALSE,Visit,,,,,,,0,FALSE,,,150,,FALSE,45403
191,172,Baltimore,Maryland,USA,39.2908816,-76.610759,2025,2025-02-12,City,Baltimore,FALSE,-,1,TRUE,The Hippodrome,"The Hippodrome Theatre at the France-Merrick Performing Arts Center, 5, North Paca Street, Chinatown, Downtown, Baltimore, Maryland, 21201, United States",39.2897651,-76.6214105,TRUE,Hotel,Marriott,Residence Inn,"17 Light St, Baltimore, MD 21202",39.28866372,-76.6132903,0.4418833221,1,TRUE,,,152,,https://photos.app.goo.gl/ZcMA16uhL4YNE9bi7,584548
192,66,New York,New York,USA,40.7127281,-74.0060152,2023,2025-02-20,City,New York,FALSE,-,1,FALSE,,,,,FALSE,Visit,,,,,,,0,FALSE,,,153,,FALSE,8622467
193,173,Wilmington,Delaware,USA,39.7459468,-75.546589,2025,2025-02-20,City,Wilmington,FALSE,-,1,FALSE,,,,,FALSE,Visit,,,,,,,0,FALSE,,,,,FALSE,71034
194,174,Fort Lauderdale,Florida,USA,26.1223084,-80.1433786,2025,2025-03-03,City,Fort Lauderdale,FALSE,-,1,TRUE,The Broward Center,"The Coffee Culture, Coral Center, Coral Ridge, Fort Lauderdale, Broward County, Florida, 33306, United States",26.11977014,-80.14953546,TRUE,Other,Flow,Flow,"221 SW 1st Ave, Fort Lauderdale, FL 33301",26.11900454,-80.14480667,,1,FALSE,,,154,,https://photos.app.goo.gl/Mf6C3NHi3Meem8ku5,182673
195,,St. Petersburg,Florida,USA,27.7712264,-82.6340259,2020,2025-03-31,City,St. Petersburg,FALSE,-,~,FALSE,,,,,FALSE,Home,Joel Karie,Arbor Grove,"3001 58th Ave S, St. Petersburg FL",27.7156258,-82.6737924,,0,TRUE,,,1,,https://photos.app.goo.gl/KebEhrHvXQ76q3SLA,259343
196,,Tampa,Florida,USA,27.95062889,-82.45766256,,2025-04-02,City,Tampa,FALSE,-,-,TRUE,,,,,FALSE,Home,Joel Karie,Arbor Grove,"3001 58th Ave S, St. Petersburg FL",27.7156258,-82.6737924,,0,TRUE,,,1,,https://photos.app.goo.gl/KebEhrHvXQ76q3SLA,259343
197,,Orlando,Florida,USA,28.5421218,-81.379045,2022,2025-04-23,City,Orlando,FALSE,-,2,TRUE,Dr. Phillips Center for the Performing Arts,"Doctor Phillips Center for the Performing Arts, 445, Magnolia Avenue, Central Business District, Orlando, Orange County, Florida, 32801, United States",28.5376574,-81.3766934,FALSE,Hotel,Marriott,Springhill Suites,"21 N Hyer Ave, Orlando, FL 32801",28.54298265,-81.36646305,0.722168091,1,TRUE,,,21,,https://photos.app.goo.gl/pryimdbaYJRwzUfbA,307738
198,175,Winter Park,Florida,USA,28.5977707,-81.3510264,2025,2025-05-13,City,Winter Park,FALSE,-,1,FALSE,,,,,FALSE,Visit,,,,,,,0,TRUE,,,,,https://photos.app.goo.gl/J3Yj2KsUG2wdboxEA,29985
199,176,Phoenix,Arizona,USA,33.4484367,-112.074141,2025,2025-06-02,City,Phoenix,TRUE,46,1,FALSE,,,,,FALSE,Hotel,Marriott,J.W. Marriott,"JW Marriott Desert Ridge Resort & Spa, 5350 E Marriott Dr, Phoenix, AZ 85054",33.683,-111.966,,1,FALSE,,,155,,https://photos.app.goo.gl/PeA1mGBpnPi6Bh4v6,1609456
200,,Dallas,Texas,USA,32.7762719,-96.7968559,2023,2025-06-04,City,Dallas,FALSE,-,2,TRUE,Music Hall at Fair Park,"Music Hall at Fair Park, 909, 1st Avenue, Dallas, Dallas County, Texas, 75210, United States",32.780432,-96.7657831,FALSE,AirBnB,AirBnB,AirBnB,"4710 Reiger Ave, Dallas, TX 75246, USA",32.7946115,-96.7664016,0.9777792982,0,FALSE,,,25,,https://photos.app.goo.gl/9tFHkFAd2mWxY8G98,1300642
201,177,Austin,Texas,USA,30.2711286,-97.7436995,2025,2025-06-30,City,Austin,TRUE,47,1,FALSE,,,,,FALSE,Hotel,Sonesta,Simply Suites,"Sonesta Simply Suites Austin South, 4320 S Interstate 35, Austin, TX 78745",30.213,-97.737,,1,FALSE,,,156,,https://photos.app.goo.gl/kkKaCgYPeRerENj7A,958202
202,178,Waco,Texas,USA,31.5491899,-97.1474628,2025,2025-07-01,City,Waco,FALSE,-,1,FALSE,,,,,FALSE,Visit,,,,,,,0,FALSE,,,157,,FALSE,140545
203,179,Honolulu,Hawaii,USA,21.304547,-157.855676,2025,2025-07-04,City,Honolulu,TRUE,48,1,FALSE,,,,,FALSE,AirBnB,AirBnB,AirBnB,"444 Niu St, Honolulu, HI 96815, USA",46.814951,-71.219551,,0,TRUE,,,158,,FALSE,49491
204,180,Edmonton,Alberta,Canada,53.5462055,-113.491241,2025,2025-07-08,City,Edmonton,TRUE,-,1,TRUE,Northern Alberta Jubilee Auditorium,"Northern Alberta Jubilee Auditorium, 11455, 87 Avenue NW, University of Alberta, Greater Strathcona, Edmonton, Alberta, T6G 2T2, Canada",53.521789,-113.5287755,FALSE,AirBnB,AirBnB,AirBnB,"8605 100 St NW, Edmonton, AB T6E 2L9, Canada",53.52194576,-113.4884187,,0,TRUE,,,159,,https://photos.app.goo.gl/hnvznvoQRwAjdd3ZA,1010899
205,181,Jasper National Park,Alberta,Canada,52.8041035,-117.8048267,2025,2025-07-21,National Park,Jasper National Park,FALSE,-,1,FALSE,,,,,FALSE,Camping,Other,Whistler Campground,"67 19, Jasper, AB T0E 0A8, Canada",52.85068975,-118.077065,,0,FALSE,,,160,,FALSE,4738
206,182,Elk Island National Park,Alberta,Canada,53.6113726,-112.877283,2025,2025-07-25,National Park,Elk Island National Park,FALSE,-,1,FALSE,,,,,FALSE,Visit,,,,,,,0,FALSE,,,,,FALSE,0
207,183,Regina,Saskatchewan,Canada,50.4479733,-104.6158764,2025,2025-07-28,City,Regina,TRUE,-,1,FALSE,,,,,FALSE,Hotel,Marriott,Hotel Saskatchewan,"Hotel Saskatchewan Autograph Collection, 2125 Victoria Ave, Regina, SK S4P 0S3",50.448,-104.609,,1,FALSE,,,161,,https://photos.app.goo.gl/GZzYjk3U88SPCzvr8,226404
208,184,Moose Jaw,Saskatchewan,Canada,50.3967209,-105.535666,2025,2025-07-29,City,Moose Jaw,FALSE,-,1,FALSE,,,,,FALSE,Visit,,,,,,,0,FALSE,,,162,,FALSE,33890
209,185,Medicine Hat,Alberta,Canada,50.04303,-110.679016,2025,2025-07-29,City,Medicine Hat,FALSE,-,1,FALSE,,,,,FALSE,Visit,,,,,,,0,FALSE,,,163,,FALSE,63138
210,186,Calgary,Alberta,Canada,51.0456064,-114.057541,2025,2025-07-30,City,Calgary,FALSE,-,1,TRUE,Southern Alberta Jubilee Auditorium,"Southern Alberta Jubilee Auditorium, Jubilee Crescent NW, Hillhurst, Calgary, Alberta, T2N 2A5, Canada",51.06254,-114.0925189,TRUE,Hotel,Marriott,Residence Inn,"610 10 Ave SW, Calgary, AB T2R 1M3, Canada",51.04380769,-114.0746529,1.510861879,1,TRUE,,,164,,https://photos.app.goo.gl/iY5jFBFQayTW6kZ68,1306784
211,187,Banff National Park,Alberta,Canada,51.4881335,-115.9380498,2025,2025-08-01,National Park,Banff National Park,FALSE,-,2,FALSE,,,,,FALSE,Visit,,,,,,,0,FALSE,,,165,,FALSE,"8,305"
212,188,Lake Louise,Alberta,Canada,51.4249668,-116.177535,2025,2025-08-01,City,Lake Louise,FALSE,-,1,FALSE,,,,,FALSE,Visit,,,,,,,0,FALSE,,,166,,FALSE,691
213,189,Waterton Park,Alberta,Canada,49.0509175,-113.9070204,2025,2025-08-04,City,Waterton Park,FALSE,-,1,FALSE,,,,,FALSE,Visit,,,,,,,0,FALSE,,,167,,FALSE,132
214,190,Glacier National Park,Montana,USA,48.6174862,-113.7608851,2025,2025-08-04,National Park,Glacier National Park,FALSE,-,1,FALSE,,,,,FALSE,Visit,,,,,,,0,FALSE,,,,,FALSE,0
215,191,Drumheller,Alberta,Canada,51.401597,-112.6185167,2025,2025-08-08,City,Drumheller,FALSE,-,1,FALSE,,,,,FALSE,Visit,,,,,,,0,FALSE,,,168,,FALSE,79090
216,192,Winnipeg,Manitoba,Canada,49.8955367,-97.1384584,2025,2025-08-11,City,Winnipeg,TRUE,-,1,FALSE,,,,,FALSE,Hotel,Marriott,Delta,"Delta Hotels Winnipeg, 350 St Mary Ave, Winnipeg, MB R3C 3J2",49.895,-97.139,,1,TRUE,,,169,,FALSE,749607
217,193,Emerald Lake,British Columbia,Canada,51.4437488,-116.5316579,2025,2025-08-18,City,Emerald Lake,FALSE,-,1,FALSE,,,,,FALSE,Visit,,,,,,,0,FALSE,,,170,,FALSE,0
218,194,Revelstoke,British Columbia,Canada,50.998045,-118.1956709,2025,2025-08-18,City,Revelstoke,FALSE,-,1,FALSE,,,,,FALSE,Visit,,,,,,,0,FALSE,,,,,FALSE,8275
219,195,Kelowna,British Columbia,Canada,49.8879177,-119.495902,2025,2025-08-19,City,Kelowna,FALSE,-,1,FALSE,,,,,FALSE,Camping,Other,Okanagan Lake Provincial Campground,"Okanagan Lake Provincial Park, Peachland, BC V0H 1X9, Canada",49.69109617,-119.7333002,,0,TRUE,,,171,,https://photos.app.goo.gl/T2dDbKJ9K3Eh9ufV8,144576
220,196,Peachland,British Columbia,Canada,49.766667,-119.75,2025,2025-08-19,City,Peachland,FALSE,-,1,FALSE,,,,,FALSE,Visit,,,,,,,0,FALSE,,,,,FALSE,5006
221,197,Vancouver,British Columbia,Canada,49.2608724,-123.113952,2025,2025-08-20,City,Vancouver,FALSE,-,2,TRUE,Queen Elizabeth Theatre,"Queen Elizabeth Theatre, 650, Hamilton Street, Chinatown, Downtown, Vancouver, Metro Vancouver Regional District, British Columbia, V6B 5N6, Canada",49.2803131,-123.113161,TRUE,Hotel,Level,Level Howe,"1333 Howe St, Vancouver, BC V6Z 1R7, Canada",49.27643551,-123.129537,0.7874052488,2,TRUE,,,172,,FALSE,662248
222,198,Nanaimo,British Columbia,Canada,49.163877,-123.938122,2025,2025-08-25,City,Nanaimo,FALSE,-,1,FALSE,,,,,FALSE,Visit,,,,,,,0,FALSE,,,173,,https://photos.app.goo.gl/oQED1vj95GPR7RYn6,90504
223,199,Victoria,British Columbia,Canada,48.4283182,-123.364953,2025,2025-08-25,City,Victoria,TRUE,-,2,FALSE,,,,,FALSE,Visit,,,,,,,0,TRUE,,,174,,https://photos.app.goo.gl/JYgpZUUBLGKmE3RZ6,289625
224,200,Whistler,British Columbia,Canada,50.1171903,-122.9543022,2025,2025-08-28,City,Whistler,FALSE,-,1,FALSE,,,,,FALSE,Visit,,,,,,,0,FALSE,,,,,FALSE,8713
225,201,Squamish,British Columbia,Canada,49.7588883,-123.1342796,2025,2025-08-28,City,Squamish,FALSE,-,1,FALSE,,,,,FALSE,Visit,,,,,,,0,FALSE,,,175,,FALSE,23819
226,,Seattle,Washington,USA,47.6038321,-122.330062,2023,2025-09-08,City,Seattle,FALSE,-,4,FALSE,,,,,FALSE,Hotel,Sonesta,The Royal Sonesta,"1007 1st Ave, Seattle, WA 98104",47.6047044,-122.3367911,,1,TRUE,,,79,,https://photos.app.goo.gl/aRSmpyCH7pp48ZVQ8,734603
227,202,Sitka,Alaska,USA,57.4086082,-135.4596206,2025,2025-09-10,City,Sitka city and borough,FALSE,-,1,FALSE,,,,,FALSE,Boat,Royal Caribbean,Quantum of the Seas,,,,,0,FALSE,,,176,,https://photos.app.goo.gl/qV8eUZRvE3nZ92Mf7,8462
228,203,Skagway,Alaska,USA,59.4569715,-135.2950489,2025,2025-9-11,City,Skagway,FALSE,-,1,FALSE,,,,,FALSE,Boat,Royal Caribbean,Quantum of the Seas,,,,,0,FALSE,,,177,,FALSE,1179
229,204,Juneau,Alaska,USA,58.3019613,-134.4196751,2025,2025-09-12,City,Juneau city and borough,TRUE,49,1,FALSE,,,,,FALSE,Boat,Royal Caribbean,Quantum of the Seas,,,,,0,FALSE,,,178,,FALSE,32108
230,,Portland,Oregon,USA,45.5202471,-122.674194,2024,2025-09-15,City,Portland,FALSE,-,4,TRUE,Keller Auditorium,"Keller Auditorium, 222, Southwest Clay Street, University District, Downtown, Portland, Multnomah County, Oregon, 97201, United States",45.5124139,-122.6781499,FALSE,Hotel,Hyatt,Hyatt House,"2080 S River Dr, Portland, OR 97201",45.50745032,-122.6738629,,2,TRUE,,,91,,https://photos.app.goo.gl/bvnvkqfo5eEx8BDL7,646101
231,205,Cannon Beach,Oregon,USA,45.8900275,-123.9618623,2025,2025-09-24,City,Cannon Beach,FALSE,-,1,FALSE,,,,,FALSE,Visit,,,,,,,0,FALSE,,,180,,FALSE,1271
232,206,Tillamook,Oregon,USA,45.460293,-123.7266793,2025,2025-09-24,City,Tillamook,FALSE,-,1,FALSE,,,,,FALSE,Visit,,,,,,,0,FALSE,,,181,,FALSE,5215
233,207,Missoula,Montana,USA,46.8701049,-113.995267,2025,2025-09-28,City,Missoula,FALSE,-,1,FALSE,,,,,FALSE,Hotel,Marriott,Fairfield Inn,"5252 Airway Blvd, Missoula, MT 59808",46.92122338,-114.0690583,,0,FALSE,,,,,FALSE,74627
234,208,Dillon,Montana,USA,45.2141249,-112.6346079,2025,2025-09-29,City,Dillon,FALSE,-,1,FALSE,,,,,FALSE,Visit,,,,,,,0,FALSE,,,182,,FALSE,3958
235,209,Billings,Montana,USA,45.7874957,-108.49607,2025,2025-09-29,City,Billings,FALSE,-,1,FALSE,,,,,FALSE,Visit,,,,,,,0,FALSE,,,,,FALSE,117093
236,,Bismarck,North Dakota,USA,29.7666019,-95.3744931,2024,2025-09-29,City,Bismarck,TRUE,27,2,FALSE,,,,,FALSE,Hotel,Marriott,Fairfield Inn,"Fairfield Inn & Suites Bismarck North, 1120 E Century Ave, Bismarck, ND 58503",46.833,-100.748,,1,FALSE,,,98,,FALSE,73694
237,210,Fargo,North Dakota,USA,46.877229,-96.789821,2025,2025-09-30,City,Fargo,FALSE,-,1,FALSE,,,,,FALSE,Visit,,,,,,,0,TRUE,,,184,,FALSE,127319
238,211,Duluth,Minnesota,USA,46.7838287,-92.1052679,2025,2025-09-30,City,Duluth,FALSE,-,1,FALSE,,,,,FALSE,Camping,Marriott,Postcard Cabins,"Postcard Cabins - Kettle River, 77112 Long Lake Rd, Willow River, MN 55795",46.28947782,-92.86289759,,0,FALSE,,,185,,https://photos.app.goo.gl/MS6cpYz24s38rWeT7,86772
239,,Chicago,Illinois,USA,41.8755616,-87.6244212,2022,2025-10-01,City,Chicago,FALSE,-,5,TRUE,Cadillac Palace Theatre,"Cadillac Palace Theatre, 151, West Randolph Street, Theatre District, Loop, Chicago, South Chicago Township, Cook County, Illinois, 60602, United States",41.884074,-87.6331821,TRUE,Other,MILA,MILA,"201 N Garland Ct, Chicago, IL 60601",41.8860506,-87.62494758,0.4460563468,3,TRUE,,,22,,https://photos.app.goo.gl/a2BLz4gZYMv9tffL8,2721914
240,,Denver,Colorado,USA,39.7392364,-104.984862,2021,2025-10-20,City,Denver,TRUE,26,2,TRUE,Denver Performing Arts Complex,"Denver Performing Arts Complex, 13th Street, Central Business District, Denver, Colorado, 80217, United States",39.744659,-104.9980984,FALSE,Furnished Finder,Furnished Finder,Furnished Finder,"1700 Bassett St, Denver, CO 80202",39.75652225,-105.0033915,,2,TRUE,,,4,,https://photos.app.goo.gl/Bv5LzHaStGoUj7KP6,710800
241,212,Aspen,Colorado,USA,39.1911128,-106.82356,2025,2025-10-21,City,Aspen,FALSE,-,1,FALSE,,,,,FALSE,Visit,,,,,,,0,FALSE,,,186,,FALSE,6952
242,213,Glenwood Springs,Colorado,USA,39.5466381,-107.3246941,2025,2025-10-21,City,Glenwood Springs,FALSE,-,1,FALSE,,,,,FALSE,Visit,,,,,,,0,FALSE,,,187,,FALSE,10100
243,214,Vail,Colorado,USA,39.6438028,-106.3888231,2025,2025-10-21,City,Vail,FALSE,-,1,FALSE,,,,,FALSE,Visit,,,,,,,0,FALSE,,,188,,https://photos.app.goo.gl/jEGHdp79xTux66SS9,4833
244,215,Breckenridge,Colorado,USA,39.4829124,-106.0465486,2025,2025-10-21,City,Breckenridge,FALSE,-,1,FALSE,,,,,FALSE,Visit,,,,,,,0,FALSE,,,,,FALSE,5017
245,216,Golden,Colorado,USA,39.7546349,-105.22058,2025,2025-11-16,City,Golden,FALSE,-,1,FALSE,,,,,FALSE,Visit,,,,,,,0,FALSE,,,,,FALSE,20461
246,217,Montrose,Colorado,USA,38.4375391,-108.2403855,2025,2025-11-17,City,Montrose,FALSE,-,1,FALSE,,,,,FALSE,Hotel,Marriott,Hampton Inn,"Hampton Inn Montrose, 1980 S Townsend Ave, Montrose, CO 81401",38.478,-107.867,,1,FALSE,,,,Grand Junction,FALSE,20394
247,218,Black Canyon of the Gunnison National Park,Colorado,USA,38.5798065,-107.743697,2025,2025-11-17,National Park,Black Canyon of the Gunnison National Park,FALSE,-,1,FALSE,,,,,FALSE,Visit,,,,,,,0,FALSE,,,191,,FALSE,0
248,219,Telluride,Colorado,USA,37.9374939,-107.812285,2025,2025-11-17,City,Telluride,FALSE,-,1,FALSE,,,,,FALSE,Visit,,,,,,,0,FALSE,,,190,,FALSE,2622
249,220,Mesa Verde National Park,Colorado,USA,37.253776,-108.4555964,2025,2025-11-17,National Park,Mesa Verde National Park,FALSE,-,1,FALSE,,,,,FALSE,Visit,,,,,,,0,FALSE,,,192,,FALSE,0
250,221,Cortez,Colorado,USA,37.3494528,-108.584073,2025,2025-11-17,City,Cortez,FALSE,-,1,FALSE,,,,,FALSE,Hotel,Other,Retro Inn,"2040 E Main St, Cortez, CO 81321",37.3491989,-108.5584229,,1,FALSE,,,193,,FALSE,8832
251,222,Monument Valley,Arizona,USA,36.9823883,-110.1111116,2025,2025-11-18,City,Monument Valley,FALSE,-,1,FALSE,,,,,FALSE,Visit,,,,,,,0,FALSE,,,194,,FALSE,73
252,223,Horseshoe Bend,Arizona,USA,36.880453,-111.5161335,2025,2025-11-18,Landmark,Horseshoe Bend,FALSE,-,1,FALSE,,,,,FALSE,Visit,,,,,,,0,FALSE,,,,Page,FALSE,0
253,224,Bryce Canyon National Park,Nevada,USA,37.5707948,-112.1855939,2025,2025-11-18,National Park,Bryce Canyon National Park,FALSE,-,1,FALSE,,,,,FALSE,Visit,,,,,,,0,FALSE,,,196,,FALSE,0
254,225,Zion National Park,Nevada,USA,37.3221673,-113.0047934,2025,2025-11-18,National Park,Zion National Park,FALSE,-,1,FALSE,,,,,FALSE,Visit,,,,,,,0,FALSE,,,195,,FALSE,0
255,,Las Vegas,Nevada,USA,36.1674263,-115.1484131,2023,2025-11-19,City,Las Vegas,FALSE,-,2,TRUE,The Smith Center,"Smith Center for the Performing Arts, South City Parkway, Downtown Las Vegas, Las Vegas, Clark County, Nevada, 89106, United States",36.1687808,-115.1518185,TRUE,Hotel,Marriott,Element,"330 S Grand Central Pkwy, Las Vegas, NV 89106",36.16951532,-115.1536938,0.1164305235,2,FALSE,,,66,,https://photos.app.goo.gl/Acw8JBmwfi3FtdbUA,644835
256,226,Klamath Falls,Oregon,USA,42.224867,-121.78167,2025,2025-12-01,City,Klamath Falls,FALSE,-,1,FALSE,,,,,FALSE,Visit,,,,,,,0,FALSE,,,197,,https://photos.app.goo.gl/Si2jrri2AucPVtd88,21806
257,227,Crater Lake National Park,Oregon,USA,42.931692,-122.1278905,2025,2025-12-01,National Park,Crater Lake National Park,FALSE,-,1,FALSE,,,,,FALSE,Visit,,,,,,,0,FALSE,,,198,,FALSE,0
258,,Bend,Oregon,USA,44.0581728,-121.3153096,2023,2025-12-01,City,Bend,FALSE,-,2,FALSE,,,,,FALSE,Hotel,McMenamins,Old St. Francis School,"700 NW Bond St, Bend, OR 97703",44.05663577,-121.3145423,,2,TRUE,,,85,,https://photos.app.goo.gl/axwmV6WkbRSkmpAB8,99442
259,,Kalama,Washington,USA,46.0085225,-122.84247,2023,2025-12-02,City,Kalama,FALSE,-,2,FALSE,,,,,FALSE,Hotel,McMenamins,Kalama Lodge,"Kalama Harbor Lodge, 215 N Hendrickson Dr, Kalama, WA 98625",46.009,-122.846,,1,FALSE,,,82,,FALSE,2952
260,,Seattle,Washington,USA,47.6038321,-122.330062,2023,2025-12-03,City,Seattle,FALSE,-,4,TRUE,The Paramount,"The Paramount Hotel, 724, Pine Street, Central Business District, First Hill, Seattle, King County, Washington, 98101, United States",47.6131336,-122.3335879,FALSE,AirBnB,AirBnB,AirBnB,"1420 Belmont Ave, Seattle, WA 98122",47.61355732,-122.3241833,0.4403144433,1,TRUE,,,79,,https://photos.app.goo.gl/aRSmpyCH7pp48ZVQ8,734603
261,228,Port Angeles,Washington,USA,48.118146,-123.430741,2025,2025-12-18,City,Port Angeles,FALSE,-,1,FALSE,,,,,FALSE,Visit,,,,,,,0,TRUE,,,,,FALSE,20007
262,229,Olympic National Park,Washington,USA,47.7865324,-123.5360503,2025,2025-12-18,National Park,Olympic National Park,FALSE,-,1,FALSE,,,,,FALSE,Visit,,,,,,,0,FALSE,,,,,FALSE,0
263,230,Bellingham,Washington,USA,48.7544012,-122.478836,2026,2025-12-28,City,Bellingham,FALSE,-,1,FALSE,,,,,FALSE,Visit,,,,,,,0,TRUE,,,,,FALSE,91353
264,,Vancouver,British Columbia,Canada,49.2608724,-123.113952,2025,2025-12-31,City,Vancouver,FALSE,-,2,FALSE,,,,,FALSE,Hotel,Other,Sandman Signature,"180 W Georgia St, Vancouver, BC V6B 4P4, Canada",49.2788704,-123.11308,,2,TRUE,,,172,,FALSE,662248
265,,Willamette Valley,Oregon,USA,45.4611068,-122.539994,2024,2026-01-04,Area,Willamette Valley,FALSE,-,2,FALSE,,,,,FALSE,Hotel,McMenamins,Grand Lodge,"McMenamins Grand Lodge, 3505 Pacific Ave, Forest Grove, OR 97116",45.52,-123.11,,1,TRUE,,,94,,FALSE,0
266,231,Redwood National Park,California,USA,41.7680746,-124.0505009,2026,2026-01-05,National Park,Redwood National Park,FALSE,-,1,FALSE,,,,,FALSE,Visit,,,,,,,0,FALSE,,,,,FALSE,0
267,232,Eureka,California,USA,40.8018746,-124.1707558,2026,2026-01-05,City,Eureka,FALSE,-,1,FALSE,,,,,FALSE,Hotel,Other,Bear River Casino Resort,"11 Bear Paws Way, Loleta, CA 95551",40.62749203,-124.2083715,,1,FALSE,,,,,FALSE,26519
268,233,Ukiah,California,USA,39.1501662,-123.2077861,2026,2026-01-06,City,Ukiah,FALSE,-,1,FALSE,,,,,FALSE,Visit,,,,,,,0,FALSE,,,,,FALSE,16496
269,,Sacramento,California,USA,38.5810606,-121.493895,2023,2026-01-07,City,Sacramento,TRUE,19,2,TRUE,SAFE Credit Union Performing Arts Center,"SAFE Credit Union Performing Arts Center, 1301, L Street, Downtown, Sacramento, Sacramento County, California, 95814, United States",38.5771834,-121.4894149,TRUE,Hotel,Marriott,Residence Inn,"1121 15th St, Sacramento, CA 95814",38.57660771,-121.4871425,0.1292909325,2,TRUE,,,72,,https://photos.app.goo.gl/y51vtpM4uVXRjgLn8,523600
270,234,Yosemite National Park,California,USA,37.8393004,-119.5164635,2026,2026-01-12,National Park,Yosemite National Park,FALSE,-,1,FALSE,,,,,FALSE,Visit,,,,,,,0,FALSE,,,,,FALSE,0
271,235,The Dalles,Oregon,USA,45.6015056,-121.1841587,2026,2026-01-27,City,The Dalles,FALSE,-,1,FALSE,,,,,FALSE,Visit,,,,,,,0,FALSE,,,179,,FALSE,15988
272,87,Spokane,Washington,USA,47.6571934,-117.42351,2023,2026-01-28,City,Spokane,TRUE,-,2,TRUE,First Interstate Center for the Arts,"334 W Spokane Falls Blvd, Spokane, WA 99201",47.66050509,-117.4171733,TRUE,Other,Other,Block House Life Perry,"1415 E 11th Ave, Spokane, WA 99202",47.64589966,-117.3892039,,1,TRUE,,,78,,https://photos.app.goo.gl/AcVE6M3xMBLaArzP9,227922
273,236,Coeur d'Alene,Idaho,USA,47.6742994,-116.7811531,2026,2026-01-29,City,Coeur d'Alene,FALSE,-,1,FALSE,,,,,FALSE,Visit,,,,,,,0,FALSE,,,199,,FALSE,54599
274,237,Sapporo,Hokkaido,Japan,43.061936,141.3542924,2026,2026-02-11,City,Sapporo,TRUE,-,1,FALSE,,,,,FALSE,Hotel,Other,JR INN Sapporo Kita2jo,"2 Chome-8-1 Kita 2 Jonishi, Chuo Ward, Sapporo, Hokkaido 060-0002, Japan",43.06423694,141.3542821,,1,TRUE,,,200,,https://photos.app.goo.gl/4LXgyHz9sm6Af5vy9,1973832
275,238,Jōzankei,Hokkaido,Japan,42.9769794,141.1589341,2026,2026-02-12,City,Jōzankei,FALSE,-,1,FALSE,,,,,FALSE,Visit,,,,,,,0,FALSE,,,201,,FALSE,0
276,239,Otaru,Hokkaido,Japan,43.1906806,140.9946021,2026,2026-02-12,City,Otaru,FALSE,-,1,FALSE,,,,,FALSE,Visit,,,,,,,0,FALSE,,,202,,FALSE,115333
277,240,Hakodate,Hokkaido,Japan,41.768793,140.729008,2026,2026-02-13,City,Hakodate,FALSE,-,1,FALSE,,,,,FALSE,Hotel,Other,HakoBa Hakodate,"HakoBA Hakodate23-9 Suehirocho, Hakodate, Hokkaido 040-0053, Japan",41.76589435,140.71434,,1,TRUE,,,203,,https://photos.app.goo.gl/3NtPLbuzcUorwM1G7,275730
278,241,Tokyo,Kanto,Japan,35.6768601,139.7638947,2026,2026-02-13,City,Tokyo,TRUE,-,1,FALSE,,,,,FALSE,Hotel,Other,Onsen Ryokan Yuen Shinjuku,"Japan, 〒160-0022 Tokyo, Shinjuku City, Shinjuku, 5 Chome−3−18 1F",35.69308223,139.7111884,,1,TRUE,,,204,,https://photos.app.goo.gl/vWHpBJytj3KXrAHs7,9733276
279,242,Pendleton,Oregon,USA,38.6914606,-84.3689142,2026,2026-02-17,City,Pendleton,FALSE,-,1,FALSE,,,,,FALSE,Visit,,,,,,,0,FALSE,,,205,,FALSE,17005
280,,Boise,Idaho,USA,43.6166163,-116.200886,2023,2026-02-18,City,Boise City,TRUE,20,2,TRUE,The Morrison Center,"Morrison Center for the Performing Arts, 2201, West Cesar Chavez Lane, Pioneer, Boise, Ada County, Idaho, 83706, United States",43.6068455,-116.2076237,FALSE,AirBnB,AirBnB,AirBnB,"1819 N 13th St, Boise, ID 83702",43.63269492,-116.2038906,1.794370244,1,FALSE,,,73,,https://photos.app.goo.gl/pB2cnrAF4JHaxSQv8,234192
281,,St. Petersburg,Florida,USA,27.7712264,-82.6340259,2020,2025-03-10,City,St. Petersburg,FALSE,-,~,FALSE,,,,,FALSE,Home,Joel Karie,Arbor Grove,"3001 58th Ave S, St. Petersburg FL",27.7156258,-82.6737924,,0,TRUE,,,1,,https://photos.app.goo.gl/KebEhrHvXQ76q3SLA,259343
282,243,Detroit,Michigan,USA,42.3315509,-83.0466403,2026,2026-03-11,City,Detroit,FALSE,-,1,TRUE,Detroit Opera House,"Detroit Opera House, 1526, Broadway Street, Greektown, Detroit, Wayne County, Michigan, 48226, United States",42.3364411,-83.0488192,FALSE,Hotel,Landing,The eXchange,"310 Gratiot Ave, Detroit, MI 48226",42.3354482,-83.0448195,0.2159832444,0,TRUE,,,206,,https://photos.app.goo.gl/TaXDn11n5HeWLGRz9,636787
283,244,London,Ontario,Canada,42.9836747,-81.2496068,2026,2026-03-16,City,London,FALSE,-,1,FALSE,,,,,FALSE,Visit,,,,,,,0,FALSE,,,207,,FALSE,422324
284,,Toronto,Ontario,Canada,43.6534817,-79.3839347,2024,2026-03-16,City,Toronto,TRUE,-,2,FALSE,,,,,FALSE,Hotel,Four Seasons,Four Seasons,"Four Seasons Hotel Toronto, 60 Yorkville Ave, Toronto, ON M4W 0A4",43.671,-79.3893,,3,TRUE,,,142,,https://photos.app.goo.gl/82sGDBwtbEtcU8ws6,2794356
285,245,Windsor,Ontario,Canada,42.2858536,-82.9780695,2026,2026-03-17,City,Windsor,FALSE,-,1,FALSE,,,,,FALSE,Visit,,,,,,,0,FALSE,,,208,,FALSE,229660
286,246,Port Huron,Michigan,USA,42.9760854,-82.4333742,2026,2026-03-03,City,Port Huron,FALSE,-,1,FALSE,,,,,FALSE,Visit,,,,,,,0,FALSE,,,209,,FALSE,28881
287,247,Ann Arbor,Michigan,USA,42.2813722,-83.7484616,2026,2026-04-06,City,Ann Arbor,FALSE,-,1,FALSE,,,,,FALSE,Visit,,,,,,,0,TRUE,,,210,,FALSE,122216
288,,Grand Rapids,Michigan,USA,42.9632425,-85.6678639,2025,2026-04-08,City,Grand Rapids,FALSE,-,2,TRUE,DeVos Performance Hall,"303 Monroe Ave NW, Grand Rapids, MI 49503",42.9680308,-85.67300253,TRUE,Hotel,Marriott,Residence Inn,"40 Louis St NW, Grand Rapids, MI 49503",42.9635486,-85.66988081,0.3475280486,1,TRUE,,,151,,https://photos.app.goo.gl/s2f4dtktRyqiM8Ez6,11385
289,248,Saugatuck,Michigan,USA,42.6549244,-86.2040552,2026,2026-04-10,City,Saugatuck,FALSE,-,1,FALSE,,,,,FALSE,Visit,,,,,,,0,FALSE,,,212,,FALSE,751
290,249,Mexico City,Mexico City,Mexico,19.4326296,-99.1331785,2026,2026-04-13,City,Mexico City,TRUE,-,1,FALSE,,,,,FALSE,AirBnB,AirBnB,AirBnB,"Av. Cuauhtémoc 156-depto 309, Doctores, Cuauhtémoc, 06720 Ciudad de México, CDMX, Mexico",19.417911,19.417911,,0,TRUE,,,213,,https://photos.app.goo.gl/ciqBFue2PxAq3Luz9,12294193
291,250,Coyoacán,Mexico City,Mexico,19.3498606,-99.1619751,2026,2026-04-15,City,Coyoacán,FALSE,-,1,FALSE,,,,,FALSE,Visit,,,,,,,0,TRUE,,,,,FALSE,614447
292,,St. Petersburg,Florida,USA,27.7712264,-82.6340259,2020,2026-04-27,City,St. Petersburg,FALSE,-,~,FALSE,,,,,FALSE,Home,Joel Karie,Arbor Grove,"3001 58th Ave S, St. Petersburg FL",27.7156258,-82.6737924,,0,TRUE,,,1,,https://photos.app.goo.gl/KebEhrHvXQ76q3SLA,259343
293,251,Norfolk,Virginia,USA,36.8493695,-76.2899539,2026,2026-04-28,City,Norfolk,FALSE,-,1,TRUE,Chrysler Hall,"Chrysler Hall, 215, Saint Pauls Boulevard, Downtown, Norfolk, Virginia, 23510, United States",36.8520783,-76.2862456,TRUE,Hotel,Marriott,Residence Inn,"227 W Brambleton Ave, Norfolk, VA 23510",36.85376263,-76.29160544,0.318920167,1,FALSE,,,,,FALSE,236973
294,252,Portsmouth,Virginia,USA,36.8320081,-76.297699,2026,2026-05-04,City,Portsmouth,FALSE,-,1,FALSE,,,,,FALSE,Visit,,,,,,,0,FALSE,,,,,FALSE,97384
295,253,Newport News,Virginia,USA,36.9775016,-76.42977,2026,2026-05-04,City,Newport News,FALSE,-,1,FALSE,,,,,FALSE,Visit,,,,,,,0,FALSE,,,,,FALSE,185118
296,254,Hampton,Virginia,USA,37.0264414,-76.3442846,2026,2026-05-04,City,Hampton,FALSE,-,1,FALSE,,,,,FALSE,Visit,,,,,,,,FALSE,,,,,FALSE,137217
297,255,Virginia Beach,Virginia,USA,36.8496579,-75.9760751,2026,2026-05-04,City,Virginia Beach,FALSE,-,1,FALSE,,,,,FALSE,Visit,,,,,,,,FALSE,,,,,FALSE,457900
298,256,Suffolk,Virginia,USA,36.7281341,-76.5834683,2026,2026-05-04,City,Suffolk,FALSE,-,1,FALSE,,,,,FALSE,Visit,,,,,,,,FALSE,,,,,FALSE,94856
299,257,Chesapeake,Virginia,USA,36.7168315,-76.2494453,2026,2026-05-05,City,Chesapeake,FALSE,-,1,FALSE,,,,,FALSE,Visit,,,,,,,,FALSE,,,,,FALSE,249377
300,258,Williamsburg,Virginia,USA,37.2712497,-76.700035,2026,2026-05-11,City,Williamsburg,FALSE,-,1,FALSE,,,,,FALSE,Visit,,,,,,,,FALSE,,,,,FALSE,
301,259,Columbia,North Carolina,USA,35.9176633,-76.2521521,2026,2026-05-13,City,Columbia,FALSE,-,1,FALSE,,,,,FALSE,Visit,,,,,,,0,TRUE,,,,,FALSE,
302,260,Newark,New Jersey,USA,40.735657,-74.1723667,2026,2026-05-17,City,Newark,FALSE,-,1,FALSE,,,,,FALSE,Other,Other,55 Union,"55 Union St, Newark, NJ 07105",40.73147734,-74.16380576,,,TRUE,,,,,,
303,261,Asbury Park,New Jersey,USA,40.2203907,-74.0120817,2026,2026-05-18,City,Asbury Park,FALSE,-,1,FALSE,,,,,FALSE,Visit,,,,,,,,TRUE,,,,,,
304,,Providence,Rhode Island,USA,41.8239891,-71.4128343,2023,2026-05-19,City,Providence,TRUE,12,1,TRUE,Providence Performing Arts Center,"220 Weybosset St, Providence, RI 02903",41.82134482,-71.41249003,FALSE,Other,Shirley O'Neal,Shirley O'Neal,"25 Cobb St., Norton, MA ",41.825,-71.414,,1,TRUE,,,55,,https://photos.app.goo.gl/ybquTTu2XYUnKPbYA,47012
305,262,Newport,Rhode Island,USA,41.4899827,-71.3137707,2026,2026-05-22,City,Newport,FALSE,-,1,FALSE,,,,,FALSE,Visit,,,,,,,,TRUE,,,,,,
306,263,Cambridge,Massachusetts,USA,42.3656347,-71.1040018,2026,2026-05-26,City,Cambridge,FALSE,-,1,FALSE,,,,,FALSE,Visit,,,,,,,,FALSE,,,,,,
307,264,New Bedford,Massachusetts,USA,41.6362152,-70.934205,2026,2026-05-27,City,New Bedford,FALSE,-,1,FALSE,,,,,FALSE,Visit,,,,,,,,TRUE,,,,,,
308,265,Provincetown,Massachusetts,USA,42.04754023,-70.19011366,2026,2026-06-01,City,Provincetown,FALSE,-,1,FALSE,,,,,FALSE,Other,The Queen Vic,The Queen Vic,,,,,,,,,,,,
309,266,South Orange,New Jersey,USA,40.74412372,-74.24335954,2026,2026-06-07,City,South Orange,FALSE,,,,,,,,,,,,,,,,,,,,,,,
310,,Cincinnati,Ohio,USA,39.09683414,-84.51214088,2026,2026-06-08,City,Cincinnati,FALSE,,,,,,,,,,,,,,,,,,,,,,,